AAStates	compensationAbility	segment
115T	0.0	1
106N	0.0	1
114I	0.4260304576346095	1
108I	0.0024015237115263405	1
135F	0.014010517171603974	1
110Q	0.01162558468654821	1
115E	0.0026023264879956962	1
114L	0.16978472484293	1
131S	0.003443724408033664	1
112T	0.014986556323295082	1
110H	0.010418733427950144	1
108M	0.0	1
106K	0.004554092265942888	1
108V	0.0	1
110N	0.4825215398657469	1
115A	0.002271483051721189	1
110T	0.19737265041113344	1
110K	0.007386727971326623	1
110E	0.8503777713392829	1
112K	0.01192655674522804	1
110P	0.8486759988722696	1
110D	1.5335810309219422	1
111F	0.008712430013602031	1
106D	0.0	1
111I	0.007364624972652109	1
137D	0.02327742578005122	2
144N	3.5229850030420065	2
161T	0.3241268285712544	2
163I	0.014098979835859046	2
157T	0.0674936551464889	2
140F	0.020276942641438356	2
139A	0.021520935417259482	2
163V	0.014253555390988819	2
157S	0.4225732452113909	2
160V	0.12348252812186372	2
143T	0.021397278242748573	2
137G	3.6681053080785344	2
144K	0.067216910458453	2
137S	0.015840968856503487	2
143I	0.11230481460504824	2
144D	1.2153942131982824	2
163L	0.01628233752074203	2
141G	0.017359122034838297	2
141S	0.04077690930384653	2
142F	0.058755591320618174	2
143A	0.016419821776520502	2
141C	1.4744861386640276	2
154Q	0.006903077045256997	3
148R	0.007877879116416405	3
147F	0.275186749497287	3
165D	0.006235602861665443	3
169G	0.01281611283744429	3
151M	0.16604573434866773	3
169Q	1.3740256196204612	3
148K	0.008309474299495523	3
152I	0.0838770049949039	3
170S	0.0016726257170815262	3
154H	0.003986291970262853	3
164M	0.0014366090303190278	3
168S	0.004090649890720693	3
165H	0.02751485330340546	3
145I	0.004391508892097498	3
170T	0.0009643740237020182	3
154E	0.007222837219687409	3
165Q	0.04220322071166605	3
169R	1.7490224851059124	3
164I	0.0	3
170G	0.5681995263167489	3
175M	0.007614250612671381	4
178N	0.0	4
171A	0.6464720044051455	4
177I	0.011041298084051188	4
172G	0.0	4
172T	0.0	4
178S	0.0	4
198I	0.21745983654403736	4
195S	0.0	4
196F	0.0	4
200T	0.0	4
198L	0.2543362869940244	4
178G	0.0	4
180I	0.0	4
200L	0.14951328747357606	4
173V	0.0	4
172S	0.0	4
200M	0.0	4
180P	0.0	4
200P	0.0	4
180T	0.0	4
175I	0.0033069227313653514	4
172A	0.0	4
181C	0.003665534396820389	5
181Y	0.0025849322995666977	5
204I	0.007680698549719566	5
205T	0.0038532997523712227	5
206L	0.012420626073916115	5
189A	0.8902093651626206	5
207T	0.15367324169430588	5
183T	0.033959457077383154	5
202A	0.003279945462764932	5
183N	0.009130192508166338	5
181H	0.0022744818560941123	5
211E	0.004338607833564767	5
201K	0.015112496974866718	5
206S	0.009652521420807454	5
208E	0.002556976588450685	5
209K	0.007041383680541253	5
210D	0.03232290431075887	5
203S	0.009337475041749052	5
119Y	0.27875182108083185	6
117Y	0.017656846892796244	6
121Y	0.08799825536515596	6
105H	0.03846625432134124	6
120A	0.6118226177948625	6
96S	0.010271511111208187	6
105N	0.03601056903519678	6
96T	0.02159888845892909	6
105Q	0.019091586221790902	6
102M	0.1205918935393411	6
119H	0.04631838701096153	6
99T	0.015328989926109109	6
122C	0.005184480968958797	6
104L	0.004283480818090649	6
102K	0.00860091427427849	6
99S	0.013957870172133218	6
98L	0.0297666275743682	6
97A	0.6449626988799263	6
119P	0.0	6
102L	0.11596028947667908	6
67N	0.005303885495233019	7
66Y	0.0	7
86V	0.008223095673871507	7
86Y	0.00822479458588825	7
66F	0.0	7
86F	0.008196551323883984	7
87V	0.02938598406827724	7
67P	0.0	7
66L	0.0	7
86D	0.017668347688005015	7
73A	3.3106191417175017	7
67T	0.044239507423634666	7
93V	2.9651320657688935	7
73G	0.0	7
66N	0.0	7
93S	0.0	7
93L	0.0	7
92S	0.002667299087168089	7
73C	0.0	7
86L	0.008266178797148176	7
93A	0.11503542084055315	7
93I	0.9812460816828896	7
66H	0.0	7
81A	0.014454711628420453	8
77I	0.0	8
85I	0.003746340301945358	8
78G	0.0	8
80Y	0.006962601910696809	8
56D	0.04020647797442917	8
81S	0.0	8
59V	0.0	8
82G	0.0	8
81G	0.0	8
78R	0.0061322215669079826	8
76N	0.0034340358835968183	8
60A	0.017711543975303518	8
79L	0.7190594547653104	8
56Q	0.0	8
62F	0.0	8
78V	0.0	8
56E	0.00881337253075012	8
82R	0.43879253480316893	8
82V	0.019850486977125832	8
78L	0.0	8
47V	0.01543237179002612	10
45K	0.002116153335324697	10
34V	0.002642403079335929	10
30P	0.009219550476546991	10
31P	0.0050996045150107725	10
30T	0.006670263876996081	10
42D	0.021549831143094268	10
45T	0.010700721013457615	10
45A	0.009474063853404158	10
34T	0.009601634341058802	10
33D	0.009931987268714932	10
35L	0.004525609507177671	10
32K	0.00783733921948828	10
32N	0.007853479852482909	10
47L	0.012585023901766516	10
43H	0.008503840324626465	10
34A	0.01247913717404234	10
47S	0.006997526588429622	10
32Q	0.0	10
31A	0.009106441642134495	10
31Q	0.011603919891391198	10
30L	0.0030211313042788858	10
27D	0.055380261221711656	11
25E	0.0	11
27A	0.07355070222275753	11
28V	0.16401783883365545	11
29E	0.1960175030354084	11
26D	0.002443153263591789	11
16Q	0.5325483499921753	11
18F	0.007350389555494894	11
29P	0.3005822305081239	11
13Q	0.021519817662091798	11
28I	0.5064730476820696	11
27H	0.036517933145996766	11
29Q	0.13288144744472716	11
13H	0.004593486373147189	11
16N	0.4337840290032209	11
25K	0.006761446163471732	11
16H	0.021042364377872103	11
13K	0.4074503549579428	11
18C	0.0	11
26A	0.0	11
18S	0.009360405255324259	11
25R	0.0	11
24E	0.0	12
22C	0.004401767249168014	12
8F	0.002243250016969392	12
9R	0.0	12
21L	0.1053149999263117	12
19V	0.04197772331935739	12
22G	0.0019183231491340664	12
7S	0.02227967873011244	12
11N	0.002451280781550652	12
22A	0.002548994202027657	12
19D	0.0	12
24D	0.002148943882214949	12
19N	0.0	12
9N	0.002539806527622588	12
11V	0.009572725188270141	12
20S	0.0035863946529105218	12
11D	0.003885449808876776	12
7F	0.026197605257608832	12
24N	0.02583219869726384	12
8I	0.0073042724399023954	12
23I	0.002674040951642497	12
9S	0.0027162552880392477	12
