sub	num_pair	diff_skewness	diff_median_diff	brightness	sub_name	FP_WT
SY37N	32	1.182820825301003	0.11682647502999965	3.8629831465400004	37N	1.1677754171192647
SV161G	11	-0.3162833495539233	0.1119082306400001	3.65712940273	161G	1.1419311322271823
SV161A	104	3.5147372066814193	0.09864611697000014	3.83302111518	161A	2.2334099210798732
SY37C	56	0.06514616740734606	0.08829410307999974	3.76993627109	37C	0.560720033198595
SA204V	12	0.0345566959587329	0.08584505814500021	3.85589439229	204V	1.3550616249442102
SI126S	12	-1.1209281009666294	0.0748489713749998	3.71697449426	126S	0.15124824196100234
SN103I	32	-0.41375539577972653	0.0676789939050002	3.8133279407800003	103I	1.1136387260165066
ST228P	13	1.6960911999503498	0.06562396229999967	3.71817859174	228P	0.2501040128059685
SI169V	102	-0.1741839981016119	0.06171240792499977	3.73328176752	169V	1.333132318779826
SE109V	41	0.9849109684411197	0.06075473462999925	3.75375353008	109V	0.9175541848409923
SK156R	120	0.012345779967942002	0.059541231414999896	3.75839337268	156R	0.5601935004582628
SS203T	26	1.850914955608215	0.05767822478000029	3.7328658016400014	203T	1.4518323406577112
ST41S	41	0.4680435728593164	0.057479615660000594	3.80582008255	41S	0.3824065124616027
SK164M	37	-0.8006074337088849	0.056203941340000174	3.78015119024	164M	0.7303513951599597
SE122V	34	-0.18814581770060956	0.055631003319999595	3.7340190122099997	122V	0.8440510244108737
SI169T	85	-1.2195054286962999	0.05432204243000038	3.7735341743300004	169T	0.6528859566897154
ST60S	39	1.489239656935617	0.05341274807999952	3.76956207394	60S	1.4296489382162691
SN103Y	29	-4.647229622769597	0.05113263918999911	3.82176873326	103Y	1.0367183656897396
SG230D	18	0.20041942005056204	0.05079096857000054	3.7517796912800003	230D	0.7673680149018764
SV66M	24	0.3472417305318145	0.04438738173499979	3.7658062515099995	66M	-0.6913522632792592
ST60A	127	0.07629331461938617	0.0439189980400001	3.7629971880300004	60A	-0.48069061394780876
SQ182L	36	0.5403421123442437	0.04374011188000004	3.69127818676	182L	0.027665193378925326
SN103H	11	-0.24878580067341052	0.04340953199000186	3.8207907895899997	103H	0.640467178961262
SL234P	74	-0.8319154670358178	0.041850531450000394	3.7557072668699996	234P	0.3593538807705044
SS28T	31	-1.4436853022191967	0.04031892162999995	3.7698415975099997	28T	0.34755655247718087
SI159V	103	-0.9411376035453585	0.03436296075999978	3.78259301802	159V	-0.25469754040241244
SI169N	42	2.0264063147295692	0.03412339598500025	3.7469068341000002	169N	-0.05309730432927606
ST60P	11	-3.1752474099037484	0.03334239853000032	3.7618213747800002	60P	-1.8978350495919585
SA204T	27	-0.41464909702135144	0.03263454508000008	3.8196840821099998	204T	0.9469788685441017
SI45V	98	-0.7942983223356103	0.0324114880350006	3.7714217741600002	45V	0.5935692981583998
SD127G	79	-1.2464995389814792	0.03219526715000054	3.8042699551199997	127G	0.9323505167849362
SE15V	28	-0.7015929864816636	0.03207827674000008	3.6777253269699997	15V	-0.3579562831670047
SY37H	44	0.47031222809452605	0.03161817030000025	3.76378958464	37H	0.5524790950119496
SR166C	13	-0.689233075353053	0.03159745065000008	3.75080958255	166C	-0.5515902060084046
SF221Y	44	-0.08604572793793377	0.03158803055999959	3.74153429214	221Y	0.5376202029176057
SR166H	17	2.4044043896858316	0.030813979640000433	3.8003567214599996	166H	-0.019570144545286897
SS70C	42	-0.12867764662904488	0.029890900099999618	3.74814183617	70C	0.6709382316097616
SS28F	12	-2.0005910550711032	0.029555594794999696	3.67543276018	28F	0.09521933961659673
SD115G	121	-0.572664183572019	0.02937865830999975	3.74498455237	115G	0.3147495893761516
SM231L	40	-0.6976621105727083	0.029320507310000465	3.7076260990499996	231L	-0.35231668138876554
SQ182R	98	0.1843925467050728	0.028270119420000128	3.74468809808	182R	0.38727584537118676
SN196S	75	0.2945431989210945	0.025908385530000633	3.75941112415	196S	-0.06870176972588524
SN157D	89	-1.1803701621048888	0.025472603269999894	3.7254185516199994	157D	-1.2837019578320905
SL219Q	55	0.7899982308033137	0.025148931050000378	3.7478059786599998	219Q	0.29873770775739106
SQ175L	69	0.2811850586409674	0.024880632009999903	3.7681917791800004	175L	0.1902550812810659
SK156E	95	-2.1026664781253857	0.02421913892999994	3.7680182203699992	156E	-0.6596206063637511
SY235C	46	0.22232430959696528	0.023909219019999428	3.7474275608199994	235C	0.20485220104455948
SG8R	21	0.4877620160335465	0.023077421409999577	3.66454999813	8R	-0.017407230660319337
SN103S	91	0.5924851886254512	0.02300839634999985	3.72856098334	103S	0.3781781466212124
SR71C	33	-0.5380255337585831	0.022421485090000637	3.7576030990900002	71C	-0.8667552283033729
SE170K	28	-1.2989199449698	0.02045244004999991	3.69071516542	170K	0.3428413704037666
SD188N	16	-0.20052729905673444	0.020207497935000873	3.6326417925300003	188N	0.0694193265400827
SE30V	45	0.4442421710618835	0.02014105860000015	3.72757221105	30V	0.33014990026131263
SD17N	14	-0.8468071356575513	0.020017660410000193	3.75636969756	17N	1.0107694432139396
SD188V	53	0.06938872740758126	0.01994628695999978	3.7213770990499997	188V	-0.3492587857879698
SK156M	35	0.12201212671111297	0.01922904425000027	3.72514961562	156M	-0.32262906527612356
SS173G	116	0.08530331799038879	0.018780616445000398	3.75204274795	173G	0.5499038826674223
SE122K	15	0.6690132073701721	0.018036600659999902	3.72317955398	122K	0.6386534483171998
SE113V	50	-1.1910421279479995	0.01797772501000039	3.73450793704	113V	0.05140652403933928
ST57S	39	0.3102049325053269	0.017847528429999926	3.7499569676899998	57S	0.04253179160878061
ST41A	98	-0.40042787656455997	0.017610458899999903	3.7232040483599995	41A	0.3529231255874038
SE3K	19	-0.7755528668376602	0.0166265697900001	3.7016448386300014	3K	0.6513931477442384
SF82Y	36	0.0794157522825153	0.015990331369999833	3.7639485057999997	82Y	-0.828666765242815
SI150V	46	-1.5109115320521198	0.015797189840000447	3.6952653791500003	150V	-0.143548593390733
SK39R	99	-0.3114992823651017	0.015279723449999505	3.68169803921	39R	0.009710480843205005
SD195G	83	0.12989331050446348	0.01525211966000084	3.7176028196499997	195G	0.0057109727989882175
ST228A	76	0.380514453508158	0.014847105455000342	3.71607008241	228A	-0.06314796786755322
SI126V	71	-0.3768956139590759	0.014750230269999776	3.7400305852999995	126V	0.3470471527427435
SI126T	86	0.1638083179526533	0.014691674720000325	3.7622705942000003	126T	0.3822557430714369
SM231R	12	0.1435887893472764	0.014626628960000332	3.78139022006	231R	0.014593049092218282
SS26R	27	1.342051505920671	0.014044759310000376	3.73516179389	26R	0.5743743646424264
SD74N	21	0.04272182389165135	0.013590314630000044	3.6628636598699997	74N	-0.09875881215557455
SA85V	11	-1.952965812922214	0.013292554729999573	3.67799349013	85V	0.6171749718487263
SK164E	107	-0.533718517821159	0.013236021250000007	3.7410693989699997	164E	0.08618385381996634
SK212E	114	0.10265266156358138	0.01318847844000004	3.75487558242	212E	0.21471863645128905
SM231V	85	-6.4255541251975545	0.012971358280000178	3.72211384583	231V	0.03353390372358263
ST228I	13	-0.07566338763198958	0.012574582740000118	3.6349529446699993	228I	0.058391148224473007
SK164Q	21	1.6885179681184084	0.012199088120000035	3.7502183236400004	164Q	1.4968880362808705
SD195V	38	-0.015439693570294654	0.012057726125000223	3.70571444426	195V	-0.8018110782373697
ST228S	32	0.15556373524829115	0.011900029590000027	3.73557416714	228S	-0.1646289197728038
SY235F	31	0.7048229188547737	0.011051871000000268	3.7147675508599995	235F	-0.23575017936527737
SM151V	88	-0.5975362049978191	0.010589293094999341	3.74318842922	151V	0.16592955915257335
SI186L	12	-0.6362287559586899	0.010501060115000405	3.7704734645599998	186L	-0.07277780058793723
SS200C	46	-0.04784504287706858	0.010467480204999768	3.75590572184	200C	0.3975733205210418
SN119S	147	-0.6675010843717526	0.010287555550001048	3.73943883987	119S	-0.5465118944644928
SE88D	25	-0.8949703202353535	0.009204184089999679	3.67425768187	88D	0.044958639994729314
SH23R	73	0.9473815319293877	0.0075502611200000125	3.71412656743	23R	0.1728352756705135
ST7A	109	0.2624331606150072	0.007545817550000056	3.71274834696	7A	0.12963491678237915
SQ78R	93	0.15134488270887597	0.007245798849999652	3.7444292917000004	78R	-0.17001870600506663
SM231T	83	0.005721644628543029	0.00640609648999968	3.73130180581	231T	0.030042383796535434
SK212Q	14	-0.23730813369221285	0.006364705145000205	3.56337214259	212Q	1.2737617035629227
SD171G	92	0.019791580638960096	0.005774841739999648	3.7291020195599995	171G	0.28081267792731524
SK154E	127	0.8682124766749991	0.005490411249999827	3.7036338216800004	154E	-0.07870355937629939
SI227F	30	0.25717879032929614	0.0052622087149996055	3.67828280365	227F	0.6375426354352385
SH229Y	12	0.08306597320722436	0.005254805960000275	3.83758256564	229Y	-0.7445326661225409
SY198F	23	-0.5950760160414983	0.005164524539999604	3.73768240861	198F	-0.48155325232073665
SM151I	20	0.37450969458970446	0.004599660515000492	3.75266474316	151I	-0.214813423063606
SN210Y	31	1.4833145955584688	0.0045645988299996	3.7094229065599995	210Y	-0.09175174934789539
SL13Q	49	-0.44338236565012346	0.004344855939999892	3.73118558356	13Q	-0.2566402025520802
SE3V	51	-0.9009003969466033	0.004248185589997622	3.6907867238599996	3V	0.21415075954282659
ST184A	89	-0.27971983487305335	0.004143743269999778	3.7020857360000003	184A	-0.964011707995087
SE140K	12	0.5957972537133344	0.004105053809999815	3.66257678297	140K	-0.7875336118042467
SL234Q	31	0.7958467385621635	0.003954545859999659	3.74032017389	234Q	0.14416302520548924
SE15K	18	-0.5601243068601027	0.002576146770000065	3.74645927138	15K	-0.004868903011083602
SN210D	73	-0.04544687750536809	0.0018558691300003538	3.7210680010300003	210D	-0.03678647638298571
SN142S	88	-0.6482303608955898	0.0018507432949999014	3.7050214388800002	142S	0.15775744356215
SY180F	28	0.853909051317809	0.001770402940000082	3.72063104429	180F	-0.23086856643203646
SY149H	65	-0.31202738736651614	0.0017662140999998854	3.66170879811	149H	-0.9844748973613606
SS173C	37	-3.6536569600474484	0.0017249876699994005	3.74100712575	173C	-0.2831573639065027
SI126N	35	1.1095672330013113	0.00027275063000020694	3.66059422104	126N	-0.27345768846571444
SD100G	91	-0.018240475146468045	0.0001450020800000118	3.68244713442	100G	-0.18707567895762622
SV161M	13	0.5878947242517785	1.1582339999982594e-05	3.65468954648	161M	-0.24772712364792826
SS145N	12	2.1015843608374065	-1.6947099998887438e-06	3.72095139752	145N	-0.529088568687439
SE170V	51	0.29044731870474866	-3.158544999992685e-05	3.67596523508	170V	0.5347028538584709
SY104F	21	0.8001196709518728	-0.00021229388999888243	3.78573838935	104F	-0.052654853183776135
SA152T	23	-0.1063132276777076	-0.0003701948899994534	3.7398105196199993	152T	-0.39164182408712805
SY235H	68	0.0051152474634677805	-0.00043234498499977736	3.7151397179800014	235H	0.18368953689932824
SQ202R	72	-0.15782695867272076	-0.002602270924999983	3.6968477052399997	202R	-0.36148713175207375
SK164R	84	-6.646004748301758	-0.00291445045999994	3.7397631742300006	164R	0.7264276392757892
SV91I	17	0.4991575398432696	-0.0029350804400003483	3.7162770514599996	91I	0.27164033256703984
SS173R	16	0.8279121144622738	-0.0029638294200002857	3.7317341132699995	173R	-0.575697823241353
SK1R	75	0.7497191608994903	-0.003050332549999979	3.7326318572900004	1R	-0.04699626401998105
SM151T	90	-0.6169564158480344	-0.00315529327999986	3.7094955359099995	151T	0.08995395312085748
SI165V	107	0.19134652436263555	-0.003691968600000095	3.7155201633	165V	0.5317469067871571
SK111R	123	-0.6718329296264182	-0.004106932150000464	3.71593844291	111R	-0.37802542741410433
SN196D	115	-0.19092516739106014	-0.00425289801999984	3.7711754925	196D	0.11492810007184745
ST95S	54	-0.30258695148701714	-0.004329988489999659	3.6920307193800004	95S	-0.31444454814773054
SE113K	20	-1.7610758344752786	-0.004457170555000056	3.68877841736	113K	-1.6589073483017274
SK99E	96	0.19480483301028154	-0.004470291049999409	3.71281118421	99E	0.3131137780845165
SK138R	100	0.45378751035671966	-0.004733189135000426	3.73146694513	138R	-0.15860968646593393
SE233G	102	0.45416757712066763	-0.0048641541750003014	3.7115059626699995	233G	-0.2324436593800783
SI126F	54	-0.17703883294640516	-0.004872889009999604	3.7629624103199997	126F	0.4407936941832304
SE233V	31	-0.695375010957863	-0.005139861209999985	3.6897065682199996	233V	-0.19857405461370944
SK77R	126	-1.244114205111468	-0.006073813784999826	3.72809259993	77R	-0.24414250762201847
ST48S	51	0.20047895014837808	-0.006618691710000402	3.6868582607400002	48S	-0.3024336834670976
SA85T	18	-0.06314224214501052	-0.006897189779999646	3.7107169812	85T	0.735819685831666
SD153N	21	-1.0817218155547321	-0.007260391750000039	3.74378859435	153N	-0.32867858601675837
SN196H	12	-1.2360653908298702	-0.00726707497500001	3.7426282484199995	196H	-0.37044889144599435
ST223S	53	0.09787593558802167	-0.007529113680001309	3.7698161415199993	223S	-0.3541433578822762
SE32V	50	0.09078829110914055	-0.007562896219999837	3.70217339736	32V	0.20064340932294727
ST36A	98	0.13783957581677642	-0.007719665440000245	3.7227803961199997	36A	-0.12216877872124317
SE88G	74	0.16698973744088985	-0.007852843410000032	3.70857141484	88G	-0.7330779726500622
SQ155P	14	-0.7393341676057601	-0.007935382064999663	3.6669798372900004	155P	-0.19807250308804206
SL192R	17	-0.0031291452374517838	-0.00844000932999922	3.7235538519199998	192R	-0.35378834009170534
SD74V	34	-0.8193944035319222	-0.008595817450000043	3.72435739869	74V	-0.6452081839554011
SN168D	114	-1.5953153383503078	-0.00865560019499978	3.7389936214199997	168D	-0.32119609240908176
SE170G	107	-0.1354614856957952	-0.009538776899999934	3.71721125927	170G	0.0796475521987304
SE4V	25	0.682355311551023	-0.009603555149999998	3.70960857675	4V	-0.145566913858056
SM231K	57	0.7534249660868166	-0.00979841989000052	3.7057446211300014	231K	0.2111262715421617
SE4G	90	-1.718672019653926	-0.00995295357499959	3.7239275167500003	4G	-0.03212739266455174
SV174E	52	-0.11469960836813263	-0.010541510810000876	3.70817044326	174E	-0.5034504073206336
SK160M	21	-0.8920553856027572	-0.010875862960000315	3.71541019811	160M	-0.2389447003602982
SD232G	109	-0.667798952906121	-0.010965913239999292	3.6990425028500002	232G	-0.2066190283745527
SS70G	94	-0.33287150937403126	-0.011328560085000161	3.7346154895199994	70G	-0.189298908598721
SV161E	26	-0.09181885307635967	-0.011393477744999991	3.80231896352	161E	-1.7575552426278591
SR71H	20	-0.6722576609012038	-0.01170658204000019	3.67506598111	71H	0.21504675541073082
SF97Y	20	0.46778693021506373	-0.012852746234999879	3.6964449531	97Y	0.49202136564999827
SP190L	18	0.43930330265190753	-0.012895615759999757	3.7150122786	190L	-0.48297971934080125
SN196Y	38	-1.023767153073224	-0.013027313304999844	3.6638377736	196Y	-0.31472646854817865
SE4K	13	-0.01915009168545107	-0.013242375599999967	3.73702475291	4K	0.9082859933376313
SY143F	25	1.2628541622138754	-0.013474116219999832	3.70573801568	143F	0.7366263324394822
SG226E	13	-1.093721195510459	-0.013917247709999803	3.6373951672000002	226E	-0.08167705163359641
SY180H	61	-0.19900949052631978	-0.014114509610000603	3.70953967566	180H	-0.3333952084416523
SK1M	21	-0.32861908198815093	-0.014143003040000046	3.63784426575	1M	-0.5751564223784954
SV217I	15	1.9685101982253261	-0.014343919119999438	3.7775120043599997	217I	0.12287924513220785
SH229R	92	0.23474895478164595	-0.015961543024999525	3.72045726465	229R	-0.04430022812448444
SN168Y	47	-0.8257928926854651	-0.0160764367399997	3.65953784951	168Y	-1.1792149705113846
SI121V	88	0.10836187602464006	-0.016378643344999944	3.6764650810400004	121V	0.47572741955518716
SK160R	103	-0.017282133874333406	-0.01694869349000072	3.69984324384	160R	-0.1906553737819195
SD19N	13	-1.9416624453814877	-0.017608674639999933	3.70160345726	19N	-0.6805669583845884
SD115N	19	0.27388673623835147	-0.018059101430000002	3.8145180652900006	115N	-0.1860916303470731
SF97L	131	-0.06490290484427749	-0.018079936419999942	3.6939028014999997	97L	-0.12842128258198499
SQ155L	51	0.8009026230453818	-0.018266476480000016	3.69245927013	155L	-0.3081410825252533
SK160E	72	-0.6059012597144509	-0.018291221255000156	3.67864698645	160E	-0.7375700078904628
SV66A	118	-4.524683848932768	-0.018367408474999847	3.69451958797	66A	-0.7141584603115916
SI134V	82	0.2213063673403569	-0.018459663825000083	3.6576812065400004	134V	-0.5780227050185204
SN144D	90	1.5314784462178228	-0.01869281946999979	3.7086244228099994	144D	-0.658630516123958
SS26C	50	-0.608965995890371	-0.019301865720000144	3.7323275208599997	26C	-0.1861636382061988
ST7S	43	0.27229449230897146	-0.019362893040000273	3.70625077982	7S	-0.1084122095257044
SK129R	91	0.31891294103653967	-0.019642851289999985	3.71219345357	129R	-0.0014183318708091905
SI227T	115	-0.6706511873745827	-0.020908460510000726	3.7065338926	227T	-0.9878300515469163
SF44Y	48	-0.5197117644232272	-0.021024945925000038	3.7497173362400003	44Y	-1.2929931545135331
SK154R	108	-0.46675850076246667	-0.021896291870000528	3.7317678780800003	154R	0.27066089641302826
SD17V	45	0.5287422919001337	-0.02271945815999965	3.70961016227	17V	0.2939649108797312
SY143C	55	0.14106669769021593	-0.023090921710000156	3.7083359934599995	143C	-0.43381358738988635
SE30K	18	-0.7372848139267332	-0.023700841099999925	3.74500077011	30K	0.31495303558185694
SD74G	80	-0.15700340871878338	-0.023709046410000045	3.6693502697900002	74G	-0.7221015731804072
SS200N	11	-3.0842931768640707	-0.023788573510000077	3.71635211016	200N	-0.8118977949488908
SK105R	85	-0.36275226563552815	-0.02422486554999992	3.7140246538599997	105R	-0.25417996835894885
SD178Y	11	-2.1138462668792757	-0.024341416069999955	3.67701165014	178Y	-0.5959625837393105
SA225V	14	0.7569979242332052	-0.02473719170499966	3.6394883297400002	225V	-0.507814721763134
SL176H	38	-0.062300211838352035	-0.02486852184999977	3.70014550377	176H	-0.6940891324542463
SG189S	19	0.7679388819895909	-0.02518092877999978	3.71109847921	189S	-0.5708423704840243
SK124R	105	0.03381264701554871	-0.02521495582999922	3.6816058106800003	124R	-0.2980864763259888
SI227V	122	-1.1844956170043568	-0.025448518040000145	3.6964243812300004	227V	-0.48651019907556475
SV191A	86	0.06851291994582946	-0.025793116135000016	3.6944861588099998	191A	-1.3170161657733843
SE88K	20	-0.40601384736854873	-0.025951694484999788	3.5467893707	88K	-0.8271276111598126
SV148I	22	0.304198801665314	-0.026375382960000193	3.8057811937	148I	-0.4914151768200099
SN162D	110	0.33190013862855483	-0.026761119854999516	3.7232642204300004	162D	-0.9373357550241054
SN147D	96	-0.5241745177191842	-0.026949136629998982	3.6851495537199996	147D	-0.42330563860014087
SF221I	24	-1.3991768726398839	-0.027375861605000162	3.6584113196	221I	-0.7098830747418106
SV191M	19	-1.2663973681000693	-0.027581000049999638	3.71560924045	191M	-0.9017949574394152
SN142D	111	-0.44646607188693693	-0.02801628161999936	3.70336870116	142D	-0.30783275589346887
SK212R	97	-0.060847874416245895	-0.029017534660000344	3.72105065269	212R	-0.25927320222835987
SE93K	12	-1.642645911902048	-0.029133275930000258	3.65648052876	93K	-1.027057585120201
SS145C	44	0.14949885112501501	-0.029232137835000005	3.65104545369	145C	-0.17485230900347234
ST36S	60	-0.4916760041758576	-0.029354607904999774	3.71779912825	36S	-0.0636894976720214
SN144S	99	-0.7095026675679023	-0.030584505930000727	3.6967647487699997	144S	-0.7717678447486832
SF97S	124	0.2927964639840524	-0.030634883034999616	3.7346593109099997	97S	-0.6856879157945514
SK212M	28	-0.0020561877328292666	-0.030947007579999797	3.67766456215	212M	0.2611035812878982
SG132S	16	-0.8970235507246449	-0.031048421249999736	3.69390274578	132S	-3.1844791524112224
SV174A	111	-0.1988060524355193	-0.03132826439000036	3.6809771159800007	174A	-1.1948649811092764
SN144I	26	-0.487979202351647	-0.031430195625000046	3.6906760979300004	144I	-1.2948662956478074
SN210S	70	-0.2646510264365342	-0.0323198860599998	3.68237224676	210S	-0.4444536966271699
SK50R	98	-0.12524765610022906	-0.03233516610499998	3.6947951186699997	50R	-0.2302777413278818
ST184S	50	0.5390798784951973	-0.03271551746000001	3.67624199241	184S	-0.5553773821331561
SK24R	96	1.2250741921856094	-0.03275739413000012	3.67405522829	24R	-0.3212959269061685
SY180C	46	0.1533551007443229	-0.03277208748999905	3.7055400453099994	180C	-1.0761043891543522
SN162Y	61	0.45597200495154544	-0.032833310600000054	3.7181710703800004	162Y	0.46880857488140465
SH229L	42	0.1351434454309918	-0.03300773219499975	3.6778048773400003	229L	-0.24215402654372156
SM151K	55	-0.2564981976215906	-0.03332267340000028	3.6594798452599995	151K	-0.1909143409691751
SS145R	16	-0.7629527928299128	-0.03335863285500018	3.7155100575699995	145R	-0.49996835291385655
SD188G	103	-0.11233418542838665	-0.033393043059999794	3.70614339756	188G	-0.49925168389454483
SD127N	26	3.160886464990219	-0.03345141136499974	3.66845264699	127N	0.23070276202633977
SY37F	23	0.5976046185645405	-0.033553146150000046	3.73158390248	37F	-0.30757846012711526
SY180N	21	-0.0865754182067774	-0.033963668380000644	3.6298279253900003	180N	-1.6747420475119725
SE3G	93	-1.7108097291550401	-0.0340281875399997	3.70039965669	3G	-0.69851786326617
ST95A	91	-0.6223551858312312	-0.0341812039999998	3.69298274862	95A	-0.6972932609496638
SM86L	63	-1.0594718013549074	-0.035578740140000065	3.7153469561400003	86L	-1.7359292671084403
SG230S	15	-0.42370702289903067	-0.03572408807999983	3.7008132820699995	230S	-0.5808523274958134
ST61S	54	-1.1945914294184083	-0.03605944598499988	3.7675832415499997	61S	-0.3852731358259916
SH75Y	14	1.081693877346809	-0.036114795529999855	3.72441621489	75Y	-0.27976086412090806
SN157S	104	0.17247559128802006	-0.03659902859999997	3.70815216734	157S	-0.9254279688699171
SQ78P	13	0.4603203966519506	-0.0366003988100001	3.68082534192	78P	-0.548590952437371
SE109K	17	0.9064581384827225	-0.03679018540000012	3.68971989339	109K	-1.1963634639512748
SV174M	21	-4.156311835407091	-0.03765545049999952	3.74102746742	174M	-1.0130583273712546
SN196I	22	1.2880128953966803	-0.037794550644999925	3.6716597883	196I	-1.1016540136188269
SS145G	69	-1.5045014640113357	-0.03818256584000057	3.6560067950199997	145G	-1.1844742506742476
SM231I	19	-0.6806041531666688	-0.038192824470000275	3.7804515649	231I	0.10493266852572561
SQ78L	49	-0.0036555879675153613	-0.03829089793000051	3.69470405511	78L	-0.5802294137887657
SY198H	47	0.2910418626374376	-0.03874256159999989	3.6338081568000002	198H	-1.0625555026344955
SK39M	20	-0.2793334308403629	-0.038911661815000054	3.7040866858099997	39M	-0.40191707162884993
SQ155H	11	0.675218638648184	-0.0393790611	3.6798330708	155H	-0.9138666629791259
SG172D	17	0.5355088123614081	-0.039857115569999824	3.67935501633	172D	-1.4516426688991488
SA225T	30	0.53356412010464	-0.04006449720500016	3.72795401892	225T	-0.4101752951741218
SY198C	39	-3.7491800377356657	-0.04055407500000019	3.6902461277699996	198C	-1.691989581566304
SG158S	16	0.11743151093113745	-0.041027149319999845	3.6669217500099998	158S	-1.402852559630992
SH137R	97	0.37479983172819736	-0.04190602238000052	3.6770245700300004	137R	-1.205248486925848
SN168S	96	-5.6020412643116275	-0.04214655183500038	3.6764202999699997	168S	-0.970944790286012
SK105M	26	1.0413634709325164	-0.042398156284999766	3.65306326948	105M	-0.5542752061504871
SE233K	24	0.04092116559773464	-0.04251792950499933	3.64467608566	233K	-0.045069740735925734
SD19V	39	0.038386114467335364	-0.042752066909999886	3.68863476295	19V	-0.38064278592355555
SI165T	76	-0.823138069112386	-0.04308369480000018	3.6732461253199995	165T	0.19573459923267364
SK50E	89	-0.7943206464958539	-0.043870342469999546	3.6523811463699998	50E	-0.5234908614307642
SY149F	15	1.3685959155725247	-0.04530745563000016	3.65929521622	149F	-0.5552622437244281
SQ155R	92	-0.6886308811097248	-0.04575109816500156	3.67943786314	155R	-0.5464456290006637
SV20I	34	0.701333059693352	-0.04608912560499956	3.6913585753	20I	-0.8904330179095268
SD131G	112	0.712408599553778	-0.04627540683499998	3.67390469128	131G	-0.41939463689923284
SK50M	23	0.3473224537856608	-0.04683784431999971	3.6851252335900004	50M	-0.4831333104521036
SN162S	129	0.5340109492479426	-0.04790995806999998	3.6614180794599998	162S	-0.6195775584317744
SI96V	65	-0.0159642536393807	-0.0482546270299995	3.6863771468	96V	-1.1461145997047424
SM151L	61	0.11072780300613998	-0.04849974727999973	3.6783409803400002	151L	-1.046628603246063
SK99R	116	-0.26459180398775284	-0.04855703252499999	3.68548657113	99R	-0.3769403606653214
SG226R	26	-2.423239538157701	-0.049461767590000205	3.75857662052	226R	-0.7841873291879892
SN168I	26	-0.14989212705434074	-0.04986906104500011	3.71628915754	168I	-1.1895333093823866
SI186V	50	-1.045185321115511	-0.050984096569999915	3.7653817672000014	186V	-1.2796061072498557
ST201A	87	-2.405221104312612	-0.05116908065999981	3.6308655547800006	201A	-0.618404364027083
SK1E	73	0.3989138206172822	-0.05212511632000005	3.6510140451699997	1E	-0.7991818327922374
SE88V	55	-0.21585450978308668	-0.052360912959999784	3.6550077835100003	88V	-0.9629952366347424
SE140V	31	-0.06555429794843924	-0.05277389496000007	3.6321293439599995	140V	-0.12801350173540416
SN133S	99	0.5026231740780015	-0.05414128855000033	3.6650708433499997	133S	-1.1858735576272013
ST106S	30	-0.2546871904461505	-0.054680995645000285	3.75602562506	106S	-1.0323547918349505
SH79L	49	-0.6887452733381615	-0.05543229006999972	3.7602985441300003	79L	-1.2212868679314852
SF221L	104	0.6989320406903643	-0.056736452304999574	3.6728558862900003	221L	-0.7055474090389907
SH23L	39	0.5207877658878167	-0.05725311083999918	3.66232195121	23L	-0.5354544388595969
SE140G	117	-0.49001927474222845	-0.057506098799999794	3.6633119014699997	140G	-1.4883393175899984
SS206C	37	-0.5409619566841698	-0.05778834601000016	3.695888370330002	206C	-0.8602551341988145
SY141F	29	-0.49008286845336535	-0.05783590574999975	3.60711011263	141F	-1.0651004170067608
SI186F	37	-0.3522112961483122	-0.05811708964999962	3.66280041683	186F	-1.8929527912288904
SF97I	21	-0.39698949108630804	-0.05852513213999799	3.6385739118699996	97I	-0.6808725668117404
SP185T	13	-0.31344124181385585	-0.058966909799999634	3.73186623371	185T	-1.627280357014388
SN133Y	22	0.20031137227756293	-0.05921974557000009	3.7088065196199995	133Y	-0.4417876087129115
SV66L	13	0.004311649519134417	-0.060047579180000366	3.6591645527199996	66L	-0.3273023050278425
SN142I	23	-1.3887771462716718	-0.06079659452000019	3.6732430914699994	142I	-1.2178713403642176
SK207I	21	-0.6422179802541959	-0.06123103194999979	3.6577186495699996	207I	-2.1307391468435526
SY141H	48	-3.9734940406249333	-0.0613038464750002	3.64241417739	141H	-2.205709431041032
SM76L	44	-0.7461135381412896	-0.0615881705550001	3.6696690954300006	76L	-0.8711800448596477
SL5R	19	-0.9642040201337378	-0.061651237560000016	3.7793723452900014	5R	-1.0090687222778796
SI186N	35	-0.13141914631939527	-0.06182648221999987	3.7094245045699994	186N	-2.1155323419719934
SH23Y	20	-0.18717040938916435	-0.06190522622999994	3.46855773	23Y	-0.36364225917495785
SM216L	34	-1.402885612613792	-0.061942297719999595	3.6360331459099995	216L	-2.191716457903385
SK138M	22	-1.084989126937582	-0.062240434520000276	3.6867850883999997	138M	-1.7823960712645204
SG136R	14	-0.8398952910111964	-0.0626158911150001	3.70615251161	136R	-1.392860472202301
SN142H	14	0.38258526018034655	-0.06299241803500033	3.523704042	142H	-1.463425775617361
SL193Q	50	-0.8570189044817871	-0.06301943057500026	3.65306623081	193Q	-1.1223395244101992
SY143N	14	-1.327891583067812	-0.06334406797500058	3.68296688232	143N	-2.163522017560899
SI227N	47	-0.8491493925422035	-0.0642812216599995	3.6531505158699997	227N	-1.0413928178604692
SH75L	44	-3.0563185132647077	-0.06462854944000007	3.65250829977	75L	-1.8664370690705256
SD232V	29	0.6324064566984035	-0.06463965717999987	3.61209098683	232V	-1.2125029232352973
SK124M	23	-0.38574821062315295	-0.06481732391999939	3.6606706775999998	124M	-1.0549982875585557
SL192Q	39	-0.40978756644574105	-0.06505824797999926	3.68266696797	192Q	-0.8031603643670678
SV9A	80	-0.27477830859527974	-0.06508941783999878	3.68952645388	9A	-0.5223077685106546
SD74Y	11	-2.649254292824118	-0.0658115318400001	3.65340060006	74Y	-1.202434418629855
SN157Y	25	-0.10862840500012193	-0.06696377045999968	3.6066496587	157Y	-1.958230759273283
SE32K	12	-1.8929240223083528	-0.06704912634500038	3.667836029130002	32K	-0.9604392618872225
SE130V	26	0.5786745835992922	-0.06780246066499984	3.7040044120199997	130V	-1.0741601353511214
SG172S	25	-0.3220676958934045	-0.06834999749999904	3.5920484232699996	172S	-1.8040527707897125
SS206G	90	-0.13430798922722983	-0.06858139872499991	3.6552396938699996	206G	-1.0652697325684128
ST95I	17	0.5417041150692496	-0.06906338548000024	3.75124249123	95I	-0.7854952010093257
SN133D	111	-0.9282027319493228	-0.0693752263599996	3.63826072447	133D	-1.8749565318226815
SG187S	21	-0.473082116434397	-0.07034125832000049	3.6940853477599997	187S	-1.1945686198771
SG189D	11	0.7815850474337979	-0.0707011451499997	3.6485109867500003	189D	-0.20924314716830847
SH75R	69	-1.224680098869959	-0.07206606492000045	3.67631106008	75R	-1.5963579450966792
SG136E	14	-0.5992343725519963	-0.07243474480999978	3.64779462931	136E	-2.432621514797211
SF112L	69	-0.45561148927515455	-0.07250421833000154	3.6655286047300004	112L	-2.0251744080334904
SK154M	19	0.6355109036598757	-0.07310126849999943	3.67136754023	154M	-1.09408240262419
SF44L	120	-0.31190060751403365	-0.07477160410999995	3.68584989024	44L	-1.5665749573585344
SL192P	97	-3.2436894580549764	-0.07479786723999915	3.64528650605	192P	-1.8068433651700613
SY143H	54	0.6853840360082092	-0.07488542418999966	3.6500990602199996	143H	0.44387192968279127
SK105E	114	-0.27532532390600006	-0.0750963372850002	3.63769173072	105E	-1.2374008600134403
SF221S	100	0.0544577569288662	-0.0759503260600003	3.6530683282300003	221S	-0.8887541997246445
SS84F	13	-0.10607354727909889	-0.07596160840999966	3.6432505234900003	84F	-1.5616471530403944
SA177V	12	-0.8098322009389934	-0.075985381425	3.69130811916	177V	-1.6552417578175662
SV148A	109	-0.18044278288269092	-0.07673416047999915	3.6343701668699997	148A	-1.1553191403858365
SP87L	16	0.2830309674664661	-0.07683806468499976	3.75484946268	87L	-2.470417973352596
SD178N	26	1.0136555461162207	-0.07747942037499977	3.7193342008899997	178N	-0.4808991012163461
SR120H	11	0.12818366342915039	-0.07768750889999954	3.5790767953400002	120H	-1.4661233852151783
SF6L	123	-3.9636604674615397	-0.07801339462000012	3.64499920496	6L	-2.365539216995239
SN147S	88	-1.316817201677551	-0.07836287424000021	3.5932257092400004	147S	-1.5000242014415561
SD34N	18	-0.22390878298100897	-0.07913902883999979	3.65816318244	34N	-0.7703425666317344
SN162I	27	-0.17515976576625367	-0.07928424780999999	3.662550720980002	162I	-0.8792176143266262
SD115V	39	-0.915056586398943	-0.07936176891999969	3.6398503629800003	115V	-1.308697216399014
SN183S	97	-3.674920484435662	-0.07956066624999991	3.67930733929	183S	-2.6062552660703653
SF69L	116	-3.8400719852752587	-0.07995377798999992	3.6512597815099994	69L	-2.01240316182375
SN183I	23	-2.093626831683877	-0.08073608112000041	3.71086172674	183I	-2.44141546189785
SD195N	23	0.2820586685069862	-0.08095457122999994	3.7143344918	195N	-0.7387710959184915
ST116I	15	0.7232941907657855	-0.08227822433000176	3.6000274020699994	116I	-0.615738199511543
ST223A	92	-0.9606519903599717	-0.08234404939999984	3.6963119191000002	223A	-0.9961715599987658
SI12V	57	-0.3009041149074894	-0.08234694506999984	3.6257841569699996	12V	-0.5127795621752739
SQ202L	39	0.2735573616338534	-0.08295789306000012	3.71498112434	202L	-0.7866776326671243
SG8E	14	0.06378474181400838	-0.08334794776000032	3.6505043508699995	8E	-1.26068893391639
SV191G	14	-1.2317544370483535	-0.08450744747500005	3.7522945533699996	191G	-1.9261585765285416
SR120S	12	-1.8698920336412292	-0.08573365548500012	3.5810599650999997	120S	-2.110774750495329
SE130G	107	-2.5545164094725696	-0.08650557168999917	3.64158782193	130G	-1.5118878846988082
SL176P	78	-1.618585308793248	-0.08679736998499998	3.6440540979100002	176P	-1.8512064336799086
SI186T	53	-0.8206424850990263	-0.08764163395000013	3.66890029828	186T	-2.544845727458596
SF163Y	27	-2.358436058532341	-0.08803351158999906	3.6578854203900004	163Y	-1.9467905789613722
SG158D	11	-3.1943389516839598	-0.08890668445999994	3.70276448455	158D	-2.8869038468052164
SK111M	36	-0.20285392140430308	-0.08929349406000009	3.6255184652199994	111M	-1.1392536878120154
SF128I	18	-0.3626910195553435	-0.0894548691699999	3.63910973675	128I	-2.5762988924980164
SG2D	14	-0.23362180342412112	-0.09025284685500012	3.62631007834	2D	-1.2887063035741446
SS200G	82	-0.9964751787276322	-0.0909688499250001	3.61995984575	200G	-1.9739259854424742
SL5Q	32	-3.887620226237879	-0.09147276445499974	3.6555377419699995	5Q	-1.9551015444099904
SL219R	11	0.06046956173282526	-0.09181585201999987	3.7109833721	219R	-0.5581379294162616
SD153G	78	-0.43794019531626355	-0.0922872994850008	3.65964147789	153G	-2.2247842316137394
SK207R	113	-0.48817893937819434	-0.09261414789	3.6612452455300004	207R	-1.3111543837934732
ST47S	31	-1.035868490460267	-0.09335884236000025	3.6258532895399997	47S	-1.2605471406131983
SF112Y	26	0.5473525387418532	-0.09340394910500005	3.65522965379	112Y	-2.054649977758527
SA35T	16	-3.11815255111995	-0.09396745931499972	3.6926214409199996	35T	-2.4693312013521798
SF112I	21	-3.981339842133566	-0.0941637652800007	3.5676602220399998	112I	-2.237119321897626
SR213C	18	-0.011546900065693337	-0.09492377662500018	3.6277815556	213C	-1.406193876732141
SF81Y	19	-0.019869714718924646	-0.09525654563000008	3.6402157246599995	81Y	-2.2094562411308285
SN133I	31	0.1752767063667152	-0.09526031825999981	3.5984097859699995	133I	-1.7763609603047372
SN168H	13	-0.21096687997388028	-0.09589854560999989	3.67091019235	168H	-1.3400392038049178
ST116S	51	-0.17978302190979611	-0.09666324658000036	3.6225488853199996	116S	-1.6035932822618635
SS26G	84	-2.0469683100918026	-0.0977399808049999	3.6546172531199996	26G	-1.1477907162625345
SG2S	13	0.4712331216159247	-0.0977535274300001	3.731532829	2S	-0.8678530881181361
SK43R	105	-0.10364648910333925	-0.09935575154000054	3.61656223936	43R	-1.6624634567648169
SE30G	79	0.9903980196273068	-0.09979167682000023	3.6509218083099997	30G	-1.0041268988512453
SH146Y	15	-2.380788478680149	-0.09983847961000025	3.6352092205199997	146Y	-1.843592672049999
SH167L	60	-0.12039439354942903	-0.10086310746999994	3.6563563384400006	167L	-1.8538567073643206
ST116A	92	-0.5072771042204777	-0.101100963765	3.61025240579	116A	-1.4101898713503034
SY149N	28	-1.9487925300657079	-0.10246981659499932	3.6791986366000002	149N	-0.9991292178397998
ST7I	20	-0.5402123515929838	-0.10334435523499996	3.6872194628400004	7I	-1.1864701677113774
SR213H	19	-0.05385289192007385	-0.1070929310600004	3.61231572769	213H	-0.8537714128382504
SN210I	24	0.5594218295175037	-0.10813105738500006	3.62494148244	210I	-1.2252006423659623
SN147Y	37	-3.586007873628824	-0.10835688490999962	3.6449279315699994	147Y	-1.1869991381652654
SF128L	115	-4.13207053155696	-0.1095044302799999	3.6186518831	128L	-2.3426706075668338
SD34E	43	-0.7735659546416656	-0.10955134745999962	3.6709095338499997	34E	-1.04751583840698
SH75P	12	-0.828375830352554	-0.10963374526500003	3.57505213226	75P	-2.361001590383239
SV191E	38	-4.396405121225236	-0.11002736848999994	3.61048671605	191E	-2.635880582849495
SN21D	85	-0.7995994888831695	-0.1101315697199996	3.61860696751	21D	-1.5510363105684517
SD131V	23	-1.7763255886628688	-0.1102297345699994	3.6089823973300006	131V	-1.9158436127007004
SK124E	76	0.1951871660656058	-0.1102509361599997	3.64912043932	124E	-1.5115640252828602
SN144Y	24	-0.28357441612963274	-0.11156110178500023	3.6923126351599995	144Y	-1.79894062478561
SR107H	21	-0.8215037509421095	-0.11192421970999966	3.58347244942	107H	-1.4913433704525234
ST106A	80	-1.3108144498856207	-0.112403632885	3.6134594642300004	106A	-2.884903081133962
SL5P	83	-3.0226672094730653	-0.11297316046999972	3.6353673064199996	5P	-2.732913512736559
SF69I	11	-0.3032455508554117	-0.11361266133000036	3.6055994705699996	69I	-2.1540451720356946
SI159T	80	-3.9982601712395924	-0.11561973125499958	3.6403835349800002	159T	-2.5736771054565906
SE93D	11	-0.5692466057175609	-0.11570668570999976	3.6367652474699996	93D	-1.0783309012651443
SF6Y	24	0.21030884812240827	-0.11676853400999954	3.58593281161	6Y	-3.3426762938499452
SK129E	80	0.6156833975380137	-0.11706751427999973	3.6237809411199997	129E	-1.7278567681554706
SF163L	105	-3.796759764035433	-0.11804151861000012	3.60152022741	163L	-2.9151894003152847
SF82L	104	-3.0871923048959293	-0.1181579408300002	3.6321217766000014	82L	-2.4526255376636983
SY149C	54	0.8430033751607535	-0.1182044019649997	3.6394737345099997	149C	-2.0330609678989275
SK129M	18	0.10989665655105237	-0.11845585278999993	3.6333829758	129M	-1.3900880584958943
SK138E	80	-5.05413873539456	-0.11866959377999997	3.6265519077699997	138E	-2.9926369837019586
SF98Y	27	-0.1185958449654297	-0.11878270146999981	3.59167814961	98Y	-1.5619545698165895
SK99M	34	0.12090471889749145	-0.12108619650999985	3.65323962167	99M	-1.1006511718034744
SN142Y	18	0.5838119609917157	-0.12266579839499991	3.62371031541	142Y	-1.4543367587029934
SD178G	58	0.8633543161324044	-0.12301707063	3.6450840867400003	178G	-2.2429244664497667
SE122G	89	-0.032440402452982894	-0.1275123673300005	3.5845122249	122G	-1.6438935100100935
SK24M	20	-1.1344932923606446	-0.12816558188000027	3.6104593472300004	24M	-1.474790404178202
SK207N	31	-0.005485247005408017	-0.12979619047999913	3.6154317483699994	207N	-2.791095716133714
SV91A	90	-4.090805212861046	-0.1302649397900002	3.6285681351999997	91A	-2.3884440901107156
SG102S	17	-0.10187867956740479	-0.13128302075999976	3.55422055135	102S	-3.6684093084186316
ST223I	13	-1.886083516099098	-0.13356469214999978	3.6210505616	223I	-2.205465223500505
SS84T	24	0.4711333177430027	-0.1339324514100002	3.58485165351	84T	-1.8522425652947279
SN21S	108	-0.1514782620643398	-0.13556052781000205	3.6027238933199994	21S	-1.7550448302179573
SD214E	38	-0.1600321731401661	-0.13610180825499985	3.64883705118	214E	-2.2460741564631466
SG114D	13	0.09061732544025002	-0.1366705877600003	3.65919352464	114D	-1.8664009116590023
SM76V	58	-3.387151460213119	-0.1379679841549999	3.6092228162800004	76V	-3.0434756599366666
SD17G	72	-3.1550517408739895	-0.13948231878499984	3.6523399662699996	17G	-1.884280480444431
SD171V	17	0.04080500698913006	-0.14071760455999982	3.6125404248	171V	-2.873105168156326
SY141N	21	-3.7467633616735547	-0.14089621760999993	3.56841466135	141N	-3.2203875635750596
SV66E	34	-1.58586610268231	-0.14120293528000039	3.59629577677	66E	-3.1311881868168707
SL135R	15	0.42302825739475475	-0.14261358777999966	3.65114301196	135R	-2.489246929436922
SF163I	17	0.06692021170718462	-0.1430179035100001	3.61818227367	163I	-2.3722640424966808
SE32G	56	-1.0680241718614454	-0.14303056612999998	3.5790550652900004	32G	-2.818364307377487
SD80N	20	-0.7177324931517722	-0.14325706660499993	3.58476454559	80N	-2.5778350219130512
SY141C	49	-3.683575501570629	-0.14419779393000054	3.6418018023800003	141C	-3.216884956229478
SA224T	17	-0.6569218513058066	-0.14446952274000058	3.60192333225	224T	-3.4346108554862442
SS206N	15	-0.8533887750924745	-0.14517311774999975	3.60942525199	206N	-1.582477778289467
SR107C	26	-3.603544831578779	-0.14635702627499958	3.6337303072000013	107C	-2.0264658007770784
SN147I	39	-1.2212942187963391	-0.14805634066000062	3.6143898536	147I	-1.6026363153941927
SK24E	89	-0.20559808924787462	-0.1491731106599996	3.5879636395699994	24E	-1.7716503838077184
SH167Y	15	-0.2889557506429933	-0.1510446383300006	3.61128904798	167Y	-2.9165201909840106
ST57A	48	-0.6500363048983053	-0.15125445791000014	3.5950329186800003	57A	-2.946540345344692
SI134T	68	-0.15562340048557516	-0.15288211939499985	3.5696575903600003	134T	-3.3585972949862484
SI169F	20	-3.4555892227564673	-0.15656730109999994	3.56009214675	169F	-3.297818883135915
SD153V	21	0.4402223806010017	-0.15660328658000067	3.58132017922	153V	-2.7313982491003115
SN157I	22	-0.2922062399448746	-0.15742526911499977	3.57240636111	157I	-1.9562797919614243
SI45T	77	-0.998755638568454	-0.15962337717999997	3.59081478565	45T	-1.9601142182247717
SN183D	74	-3.7953018937827943	-0.16146674182000065	3.6342963440699996	183D	-3.1011324375867844
ST47A	77	-0.23265672224971753	-0.16340549210999944	3.56243067185	47A	-2.004179475083947
ST48A	45	1.1574421623978781	-0.1648905221899999	3.55609586814	48A	-2.524344955873675
SI45F	39	-2.449080342925077	-0.16628073814999977	3.62277532564	45F	-1.809174920548685
SK77E	75	-3.312127130500063	-0.17080611314000027	3.616238992880002	77E	-3.2846815279219306
SL193P	71	-2.9820826691947335	-0.1733459408600022	3.5783967852900003	193P	-2.84041642107768
SP194L	15	-0.203329334673782	-0.1756113379400004	3.5561494445599995	194L	-2.6769345750100912
SE93V	27	0.08792294893251583	-0.17716965148000208	3.5800939052699996	93V	-1.9689157694578172
SY90F	19	0.18144379322106632	-0.17720193110000038	3.5420102007999996	90F	-2.623026905953884
SE109G	43	-4.1522624514666875	-0.1798403028199993	3.5393718290800007	109G	-3.3805153756868096
SH137L	42	-0.7168985671390135	-0.18330924631500012	3.57150048812	137L	-2.043933749129065
SK207E	59	-3.695854596118272	-0.18348627020999997	3.5944319358699994	207E	-3.149794417992235
SD34V	26	0.16548684476074366	-0.18757221284999992	3.58225777679	34V	-2.4830269446596502
SN103D	61	-3.2085365375530195	-0.18776122335999945	3.52733838481	103D	-2.8283717481885104
SM86V	55	-2.2364200748624836	-0.18885404423000063	3.57875311558	86V	-4.034938721358777
SK77M	22	0.05339671121068931	-0.19214528644999995	3.64744906601	77M	-1.92437377483584
SD178V	23	-0.6205634222483932	-0.1957494181599997	3.53647039066	178V	-2.221496799308807
SA177T	17	-2.8509770615887757	-0.19616676964000046	3.6293153484500014	177T	-3.279595154710114
SH146R	58	-3.7506294870545194	-0.19642036501500026	3.5940914774699997	146R	-3.3708857104182246
SP209H	12	-1.8260479586415188	-0.1966197216850012	3.59285318187	209H	-1.9665484164375813
SH179Y	18	-3.2513735337017375	-0.19729878172000004	3.5699478940699994	179Y	-3.577122001349926
SM86I	12	-1.3748754858236025	-0.19730953833499987	3.60216013745	86I	-4.049249391257764
SE15G	73	-1.2945410462856153	-0.19869299571000054	3.52772987745	15G	-2.3617886569350954
SI165N	18	-0.48040387713883104	-0.20604366238000038	3.56918391552	165N	-3.6534709505736824
SM76T	56	-2.414398940162976	-0.20733600654999906	3.5891017315199996	76T	-3.6918922267854213
SL199Q	22	-2.3214488565690052	-0.20743580183499977	3.53877713635	199Q	-3.3684826973825697
SS63T	29	-0.33058588880577916	-0.20853009846999981	3.57636413688	63T	-2.5092090319842097
SV222A	97	-2.3020084430344587	-0.20912787450000003	3.50438328274	222A	-0.8912087983917445
SL139Q	31	-3.0601274120631667	-0.209912314189999	3.50543383854	139Q	-4.047703924402595
SF6I	19	-2.091901628076945	-0.21056057406000006	3.57704559584	6I	-4.169729340076446
SD127V	17	-0.49710249960191083	-0.21538418430999995	3.5193754443199996	127V	-3.9790181095711876
SK43M	21	-1.1310955053356002	-0.21608435680000015	3.5672863589999997	43M	-2.3248914185911422
SI121T	49	-0.3907825403518488	-0.21857999362999925	3.5189996478900003	121T	-2.95658707767725
SF6S	54	-2.0078033429175814	-0.2208205761949995	3.45512203489	6S	-4.8487175583839415
SV9E	34	-3.6155190704654068	-0.22128500875	3.55046431916	9E	-2.3043541193474084
SF69Y	15	-1.4686236813469078	-0.22484707002000004	3.5109490331199997	69Y	-4.909023459255695
SK39E	68	0.24569865444326966	-0.22593203048499988	3.5505905408199996	39E	-2.7790954425814567
SV217A	59	-1.088681444611431	-0.22628541608999964	3.5256187826999996	217A	-2.91451862566173
SD101G	51	-3.5533662910679626	-0.22796959423999974	3.54627309925	101G	-4.253920791856944
SV91D	17	1.8255622470242763	-0.22956428988999944	3.49589740895	91D	-4.2240505459136335
SV110A	62	-1.655085206612881	-0.23027455620999993	3.55769935395	110A	-4.1467814274132255
SE93G	77	-1.2868784374449878	-0.2308444060100001	3.48836772589	93G	-3.028561732172965
ST61A	49	-1.7448790144718653	-0.23164438444000002	3.6082369290400003	61A	-3.741581382974982
SK111E	73	-2.5523469486665937	-0.2333499526999998	3.4858621792	111E	-4.143950837804005
SH79R	70	-2.6554833301767173	-0.23558113370000022	3.57857084285	79R	-3.526425539329648
SC68S	24	-2.2466813652758675	-0.2365206499100001	3.54727170856	68S	-4.2113188207149514
SI134F	24	-1.421655320131865	-0.23819763955499917	3.4788399002900015	134F	-4.602697221934795
SG22D	15	1.9406859388565354	-0.2432391972000003	3.47453659541	22D	-2.3943731594830755
ST201S	33	-4.214419117189659	-0.2452508404899998	3.5112495452099997	201S	-2.66830762270838
SY198N	17	-1.1377144126037666	-0.24783966251000056	3.61878237426	198N	-2.9817044067196554
SC46S	38	-3.740835133505243	-0.24887656948499903	3.6219865380300003	46S	-2.6589846029877666
SM216V	57	-2.460326653261465	-0.25132624484999955	3.47988909289	216V	-3.834607435762882
SL135Q	29	-2.8120630948882566	-0.25712318310000004	3.5274296029000003	135Q	-4.0503461964428435
SS84P	41	-2.123948176252229	-0.2575565885599995	3.5139702713800003	84P	-3.8789952875580638
SD208V	11	1.0941607511601978	-0.26175634404000014	3.46895049792	208V	-3.774887547828257
SV59A	59	-3.467191952581469	-0.26484592686999964	3.48664096268	59A	-4.038460499048233
SM216I	19	-3.8006387752766804	-0.2765574457200004	3.54344747883	216I	-3.7475615277886387
SH179L	29	-2.942657578229766	-0.2955436459900005	3.4236684859099995	179L	-4.277233938872814
SF163S	76	0.0775848347732155	-0.2988568738399999	3.5044648881800002	163S	-3.8981467872858047
SY72F	11	-1.323215609167369	-0.3016137109499999	3.46916070982	72F	-4.598759853839875
SI45N	15	0.00226631506067138	-0.30182634996000157	3.39489702832	45N	-3.64070220135618
SY104C	35	-2.341895660362821	-0.30207098104999996	3.4034736476800003	104C	-3.95921446159482
SM216T	37	-1.2588292767244915	-0.3117058406600006	3.49343731609	216T	-4.81836056858301
SV217D	15	-2.7020832959624546	-0.32739492292999994	3.39181720897	217D	-3.809933431074023
SH146L	28	-2.9804225043479815	-0.3368191257350006	3.4315639081800002	146L	-4.002985052764416
SD214N	12	-1.1422000162317605	-0.33750788817	3.41929257441	214N	-3.997788791358471
SF98L	59	-1.608945855895126	-0.34215756235000017	3.4249295112700002	98L	-5.355195200443268
SM76K	15	-1.2008692946973534	-0.34372695633999983	3.50602287052	76K	-4.406592281907797
SF69S	34	-2.2099367472626197	-0.35072548475999976	3.43106654953	69S	-5.109788687527179
SQ175R	56	-1.9630003152790882	-0.3523012435249997	3.4359215848799995	175R	-4.765095541253686
SV10A	33	-1.438794353000375	-0.3531255677099998	3.38664106255	10A	-4.283517768792809
SG22S	12	-1.073549341265127	-0.3532848233400001	3.5013385347500003	22S	-3.1623663473874335
SM86T	37	-1.8048961139600088	-0.3667412269099999	3.50295849069	86T	-5.337414173781871
SI96T	48	-2.1373096910653064	-0.36809509767000015	3.3985146201800003	96T	-4.675116258859634
SI150T	51	-2.0475672916662333	-0.38347977912	3.4166223272000003	150T	-5.007841286808253
SL205P	34	-2.6909509242674883	-0.3897250046799996	3.47286834857	205P	-4.827737142890692
SI12F	13	-1.8122519510648447	-0.40651798113000037	3.29311577157	12F	-5.643350659310817
SF82S	29	-0.7811302332683946	-0.4071818763099997	3.3467056149400003	82S	-6.283229590207338
SD34G	41	-1.3478650074467826	-0.41486480599999975	3.3851728197799997	34G	-4.742787157557904
SE113G	38	-1.465629624354676	-0.4188744312699997	3.2873550745399998	113G	-4.781683773186524
SN119I	11	-0.9875357941428452	-0.4296639789099994	3.32470342361	119I	-5.427392353117466
SF128Y	17	-1.3404238840746023	-0.43180378516000006	3.51457969745	128Y	-5.050868380069733
SF81L	48	-1.21428579493646	-0.44042787063	3.30421561504	81L	-5.070176517963409
SL139P	24	-1.1481566374792525	-0.45002350876499975	3.2593549076599997	139P	-5.7690977241843955
SI159F	13	-1.9486467785611172	-0.4668875913899999	3.32810277379	159F	-4.3139261193573475
SV222E	13	-2.513958123057797	-0.47939496203999976	3.2569489205199997	222E	-4.947271842462942
SI12T	32	-1.3508300574681344	-0.48032167612499976	3.26647996492	12T	-4.0700240239501
SF44S	50	-1.3156770804097306	-0.4841598376299998	3.25435211153	44S	-4.369670262324507
SV20A	17	-1.6966651553248688	-0.48533313085999996	3.34337802478	20A	-4.670253287255765
SH197L	19	-0.8118931876976987	-0.4919680179000001	3.32639625876	197L	-5.7264363944530485
SL51P	39	-1.1931357679586456	-0.49468600374000005	3.23278984182	51P	-4.623265760950744
SK83R	31	-1.0111172417973138	-0.4957950432899998	3.25691315455	83R	-5.596402662992477
SV14A	30	-2.5108978388481766	-0.49854252525499976	3.2593547605400004	14A	-3.9093458611518144
SN119D	43	-0.6030603449733165	-0.49894202144	3.2741345719700004	119D	-5.295628608763218
SS63L	13	1.7368379619874592	-0.50033761127	3.17436282499	63L	-4.740169019624591
SF81I	12	-1.0624115698073724	-0.5066036022850002	3.4936526869199995	81I	-4.765926611423492
SN119Y	30	-1.167920873925727	-0.5271754424749997	3.25938413777	119Y	-5.593568672239781
SD19G	25	-3.2333435194630566	-0.5301528524600001	3.18905927944	19G	-4.653214175300673
SS203P	37	-3.3714069035429115	-0.5452415956700003	3.1993915689700003	203P	-4.723333729803563
SF25L	24	-0.42852108279644563	-0.554658549495	3.09830091332	25L	-5.347894336283207
SE220G	45	-2.55060865714317	-0.5581543467200003	3.13812390741	220G	-4.255709988437593
SE211V	13	-1.4815115973201587	-0.5595464770899992	3.04643111672	211V	-4.897435965389013
SL205Q	13	-0.7541396669355064	-0.5746780174399997	3.21863269173	205Q	-6.304285862296821
SK43E	19	-0.6811849579313309	-0.58027819497	3.13893393693	43E	-5.818727487698197
SL40Q	18	-0.5701421117432892	-0.5875739985949997	3.19837053046	40Q	-4.196392102912068
SV27A	16	-0.24054048811736986	-0.60065210721	3.17541485583	27A	-6.177768347412348
SQ92L	23	-1.5412856539256794	-0.6053437134900004	3.19918744981	92L	-5.18095633611083
SF112S	25	-0.21287197983201658	-0.6075878372000001	3.1373541024500002	112S	-6.317028920724988
SQ67L	12	0.6693483789538116	-0.6158330480350007	3.2156121139200002	67L	-2.900008589215577
SY90C	20	-0.21448692807947517	-0.685109467205	3.25367653087	90C	-6.064082656800747
SF81S	28	-0.4122735999153202	-0.709709507555	3.13931910233	81S	-6.593596518039702
SD208G	22	-0.2009243265285414	-0.7859824849050008	2.61387786989	208G	-6.5402293780818574
SN183Y	11	-0.03483741661592198	-0.8202340993000017	3.12743261397	183Y	-6.458332583308219
SV53A	19	0.698142383456445	-1.4972602773500001	3.14890533152	53A	-6.854269216209649
SY72C	12	0.5370673150205163	-1.791231681255	3.01476164302	72C	-7.180202567577362
SY104H	13	1.651140955939555	-1.8009594482699998	2.91980608021	104H	-7.30933731868863
SE211G	16	1.0356363838937972	-1.8167695131950001	1.8829087254299999	211G	-8.455911793559789
SD214G	21	1.0306349743580305	-1.8719878862500001	2.63718452213	214G	-7.962863712012767
SC46R	22	1.1240502013076354	-1.9268874495399997	1.66183466415	46R	-8.878784574568272
SL42P	24	1.5372553302247183	-1.9976216196800003	1.30103002091	42P	-11.784763081371782
SF128S	35	1.1894120263517125	-2.044407837309999	1.30213146923	128S	-10.09011322259903
SL40P	28	2.1639088533967636	-2.0536550794000004	2.1681670185699997	40P	-10.950193663313984
SK83E	21	2.864942302026652	-2.0624821787799994	1.7655815750400001	83E	-10.342418164014816
SM216K	13	1.2042313738594046	-2.07855511199	1.64065701991	216K	-11.58856163173914
SY64C	24	1.7458218313732186	-2.0946636054249996	1.30103050973	64C	-11.656933210790154
SH197R	23	2.5533607148865713	-2.10244368804	1.5414648113	197R	-10.99585058093071
SV53E	15	2.4265666840793068	-2.11874625721	1.6004658746899998	53E	-12.950675914436582
SL13P	32	2.1504592672184195	-2.11989582302	1.35491066884	13P	-11.989775113016368
SL199P	32	1.616284075178753	-2.1231039423049998	1.51231058509	199P	-11.348201477900146
SM86K	13	3.074467397329261	-2.13390031601	1.30102985301	86K	-11.014658980071545
SL16P	27	1.922774793564684	-2.1355582579299996	1.4684078561899998	16P	-11.899585150182247
SV27E	18	1.1623945083897287	-2.1355729695050005	1.30133057392	27E	-12.848695633560418
SH167R	39	1.791479531369809	-2.1377694918400003	1.4648869376	167R	-11.680774451047183
SQ67R	20	1.9904273317518537	-2.13954694389	1.7554673295900003	67R	-10.648303395695985
SV14D	11	2.6199101609535647	-2.148016411929999	1.53324251209	14D	-9.47602505274117
SS28P	38	2.698254949799404	-2.1575054764549995	1.4404827305599999	28P	-11.988029461912813
SH179R	29	3.2745786876449143	-2.1621610926	1.3884842377200002	179R	-11.541971616446974
SI121F	13	1.6028327448376527	-2.16824447834	1.30107849185	121F	-10.717823554575446
SL62P	33	2.240913127767084	-2.187451229400002	1.37746380428	62P	-11.174697362631559
SL58P	32	2.803781774404488	-2.18909965455	1.5258440957600001	58P	-12.205086293816564
SL16Q	14	1.595203928254624	-2.1928724506200004	1.4143537592500002	16Q	-11.063355158269404
SL58H	12	1.6650356932353974	-2.193512320075	1.5579913812700001	58H	-11.44703709185123
SL135P	18	2.55702222582941	-2.1936181024350003	1.7555343389500002	135P	-10.491389811784028
SI96F	17	2.4240971733372576	-2.1960535226399998	1.3037452943	96F	-10.932356649637223
SW55R	49	1.9591702552428758	-2.20326445171	1.30132851468	55R	-12.640174777805804
SQ181R	30	0.8598884754342766	-2.2067590332649996	1.38560155704	181R	-12.540021784603596
SV110E	14	0.5651214215894641	-2.2094699620350005	1.34338741287	110E	-12.190557415038347
SY64F	13	0.305729183696925	-2.2118237375700005	1.29894092811	64F	-12.561718748509884
SC68R	27	2.7033639870319695	-2.219999521219999	1.4011536244299998	68R	-11.615351504087448
SQ181L	16	2.0597174645439007	-2.221262601425	1.44235695994	181L	-10.810475428402421
SF25S	34	2.8740341287374025	-2.2238349978050005	1.3010631823999999	25S	-12.224318982660767
SD80V	11	1.6944704850934873	-2.2279398643700006	1.52766680817	80V	-11.295321188867092
SS63P	44	1.9883009040018278	-2.228775302710001	1.30492420787	63P	-13.74883877746761
SF98S	36	2.5556682197401486	-2.24987827368	1.45778266175	98S	-12.423197996616365
SH215R	28	2.465934565295092	-2.266132441795	1.5408206513799998	215R	-11.555874465405942
SQ92R	14	2.7738787989157716	-2.28995006303	1.4222282329499998	92R	-11.711809035390615
SR94H	11	0.4475869259080523	-2.30440168024	1.3010649887899999	94H	-11.445679701864718
SL218P	34	3.1603045350878065	-2.322643292865	1.30470648161	218P	-14.505619878321886
SL123P	28	2.3631743132952865	-2.3353137178549996	1.3040803466	123P	-12.293765646219253
SY64N	12	1.5050022989053944	-2.3414677954000003	1.3010308101	64N	-13.248477266728882
SV59E	20	3.586353006784161	-2.3489366737349995	1.30947643853	59E	-12.937434583902359
