mutList	ddG_fold	ddG_foldOpt	ddG_bind	fitness	featureName
106K:108M:110E:111F:112K:131S:135F	43.92	40.31	43.32	0.854241623572	kar
106N:108I:110N:111F:112K:131S:135F	52.84	54.51	52.9	0.667032890319	kar
106D:108V:110Q:111I:112K:131S:135F	58.28	59.68	58.06	0.922490558123	kar
106N:108V:110N:111F:112T:131S:135F	58.83	60.05	58.75	0.530763129657	kar
106N:108I:110Q:111F:112K:131S:135F	49.22	45.03	48.94	0.625544093859	kar
106N:108I:110K:111F:112T:131S:135F	52.95	53.98	52.97	0.586589959872	kar
7S:8F:9S:11N:19V:20S:21L:22C:23I	69.84	70.85	69.86	0.93776013664	carj
106N:108I:110Q:111I:112T:131S:135F	51.38	52.6	51.87	0.822719101666	kar
106D:108I:110N:111I:112K:131S:135F	56.91	56.58	56.87	0.956855836582	kar
106D:108V:110T:111I:112K:131S:135F	56.72	55.88	56.42	0.904749480451	kar
106K:108M:110Q:111F:112K:131S:135F	40.3	41.76	39.15	0.7314478523829999	kar
106D:108M:110N:111F:112K:131S:135F	52.21	51.05	52.12	0.6783521202189999	kar
106K:108M:110K:111I:112T:131S:135F	40.35	40.1	39.81	0.955438221047	kar
106K:108M:110H:111I:112K:131S:135F	42.3	43.54	42.01	0.989438744522	kar
7F:8F:9S:11D:19V:20S:21L:22G:23I	73.78	76.66	73.66	0.763715182481	carj
106N:108V:110T:111F:112K:131S:135F	48.24	47.37	47.66	0.5384042706000001	kar
106K:108M:110T:111I:112K:131S:135F	35.03	33.95	34.98	1.00590389466	kar
106N:108I:110D:111F:112K:131S:135F	53.22	53.52	53.43	0.533374939979	kar
106N:108V:110K:111I:112T:131S:135F	60.83	59.5	60.28	0.802476086384	kar
106K:108M:110N:111F:112K:131S:135F	48.1	47.73	48.32	0.668018385105	kar
7F:8F:9S:11D:19V:20S:21L:22C:23I	49.47	51.24	49.36	0.800543375085	carj
106K:108I:110N:111I:112K:131S:135F	54.92	56.35	55.22	1.00330534264	kar
106N:108M:110N:111I:112T:131S:135F	46.93	46.33	46.52	0.984288031404	kar
106K:108V:110K:111F:112T:131S:135F	52.61	52.58	52.34	0.3712658076300001	kar
106D:108V:110N:111F:112T:131S:135F	59.88	59.03	59.29	0.475223757859	kar
106K:108M:110E:111I:112K:131S:135F	39.72	41.06	39.95	1.0292068441600002	kar
106N:108I:110T:111I:112T:131S:135F	47.61	47.39	47.68	0.858539248275	kar
106K:108M:110N:111I:112K:131S:135F	44.36	44.05	44.13	1.01797442304	kar
106K:108V:110P:111I:112T:131S:135F	57.14	59.71	56.84	1.01256281953	kar
7S:8F:9R:11D:19V:20S:21L:22C:23I	52.23	50.67	52.24	1.01877157916	carj
106N:108I:110E:111F:112T:131S:135F	50.16	51.22	49.89	0.600074393509	kar
7F:8I:9N:11V:19V:20S:21L:22C:23I	33.34	33.92	33.37	1.01879989316	carj
7S:8F:9N:11V:19D:20S:21L:22C:23I	100.94	101.24	100.95	0.0	carj
106D:108M:110P:111F:112K:131S:135F	48.16	48.43	47.87	0.662995543195	kar
7S:8F:9R:11V:19V:20S:21L:22A:23I	51.22	49.31	51.26	0.964085495342	carj
7F:8F:9S:11N:19D:20S:21L:22G:23I	124.14	123.17	124.15	0.0	carj
106K:108I:110N:111I:112T:131S:135F	55.97	55.58	56.28	0.991574074548	kar
106N:108M:110D:111I:112T:131S:135F	48.5	48.32	48.45	0.938165224325	kar
106K:108V:110T:111F:112T:131S:135F	45.2	47.43	44.93	0.71481873859	kar
106D:108V:110H:111I:112T:131S:135F	62.66	63.2	62.36	0.805573416769	kar
106K:108M:110H:111F:112K:131S:135F	46.49	50.16	46.2	0.727754779798	kar
106N:108M:110H:111F:112T:131S:135F	50.27	54.14	49.99	0.571259132979	kar
7S:8F:9N:11V:19V:20S:21L:22A:23I	64.94	64.73	64.95	0.962859584584	carj
106N:108V:110N:111I:112T:131S:135F	62.38	63.37	62.58	0.957867095679	kar
7S:8I:9S:11D:19N:20S:21L:22G:23I	125.4	128.41	125.4	0.0	carj
106K:108I:110K:111I:112T:131S:135F	53.35	53.8	53.31	0.973885677442	kar
106D:108I:110P:111F:112T:131S:135F	50.56	49.56	50.47	0.5008055481360001	kar
7F:8I:9N:11N:19V:20S:21L:22C:23I	44.05	43.38	44.05	1.08217165066	carj
106N:108M:110P:111I:112K:131S:135F	45.1	44.58	44.46	0.963548334948	kar
106D:108I:110D:111I:112K:131S:135F	52.34	55.53	52.05	0.915624933615	kar
106N:108V:110D:111F:112T:131S:135F	59.18	59.78	59.41	0.248211288828	kar
106N:108M:110P:111F:112K:131S:135F	47.7	50.39	47.41	0.627628343196	kar
106N:108V:110N:111I:112K:131S:135F	63.34	63.84	63.18	0.978423061855	kar
106K:108I:110P:111I:112K:131S:135F	50.44	52.64	50.22	0.995992719349	kar
7F:8I:9N:11N:19V:20S:21L:22G:23I	70.51	65.33	70.51	0.892053274833	carj
106D:108V:110D:111F:112K:131S:135F	59.95	58.48	59.36	0.114995941252	kar
106D:108M:110P:111I:112T:131S:135F	41.53	44.0	41.99	1.0265777592899998	kar
106D:108I:110D:111F:112T:131S:135F	55.98	54.3	55.57	0.642178043586	kar
106K:108V:110D:111I:112K:131S:135F	58.52	59.63	58.73	0.9947883516	kar
106D:108M:110T:111F:112K:131S:135F	40.83	40.52	40.24	0.6718042726000001	kar
7F:8I:9S:11N:19V:20S:21L:22A:23I	53.88	53.3	53.86	0.986554138512	carj
106D:108V:110H:111I:112K:131S:135F	68.61	66.16	68.06	0.8623093150700002	kar
106N:108I:110H:111F:112K:131S:135F	57.71	55.58	57.42	0.665924116087	kar
7S:8I:9N:11D:19V:20S:21L:22G:23I	82.63	84.35	82.63	0.728071892808	carj
7S:8I:9N:11N:19D:20S:21L:22A:23I	115.05	113.39	115.0	0.0	carj
7F:8F:9S:11N:19V:20S:21L:22C:23I	51.58	51.14	51.46	0.95838245488	carj
7S:8F:9R:11N:19V:20S:21L:22A:23I	63.46	63.61	63.47	0.989336165148	carj
7S:8I:9S:11V:19V:20S:21L:22A:23I	60.45	63.07	60.47	1.02870831437	carj
7S:8I:9N:11N:19V:20S:21L:22C:23I	61.13	60.6	61.13	1.0247569626200002	carj
106K:108V:110P:111F:112T:131S:135F	54.0	52.23	53.72	0.140779472882	kar
106N:108V:110P:111I:112T:131S:135F	59.95	58.38	59.94	1.00402120211	kar
7S:8F:9N:11N:19V:20S:21L:22A:23I	74.97	75.59	74.96	0.986727000295	carj
106D:108V:110N:111I:112T:131S:135F	63.39	65.83	63.09	0.917330336132	kar
106N:108M:110D:111F:112K:131S:135F	48.63	47.33	48.03	0.628148759917	kar
106K:108V:110N:111I:112K:131S:135F	64.46	62.89	64.33	1.00550638014	kar
106K:108I:110T:111F:112K:131S:135F	40.56	39.14	40.28	0.7934967481559999	kar
106D:108I:110T:111F:112T:131S:135F	45.84	45.26	46.07	0.880509018272	kar
106D:108I:110D:111I:112T:131S:135F	61.16	60.75	60.67	0.853406091091	kar
106N:108I:110K:111I:112K:131S:135F	59.34	57.2	58.69	0.888693545203	kar
106K:108I:110K:111F:112T:131S:135F	47.51	49.14	46.93	0.485734862032	kar
7S:8F:9S:11D:19D:20S:21L:22C:23I	115.49	114.6	115.49	0.0	carj
7S:8I:9S:11N:19V:20S:21L:22A:23I	72.32	72.81	72.32	1.0943938241	carj
106D:108I:110N:111I:112T:131S:135F	58.11	56.27	58.95	0.897602321975	kar
106K:108I:110H:111F:112T:131S:135F	47.83	49.35	48.06	0.8223259503489999	kar
106D:108I:110T:111I:112K:131S:135F	50.44	48.57	49.9	0.95984158565	kar
7F:8I:9S:11N:19V:20S:21L:22C:23I	45.77	45.24	45.69	1.01944816984	carj
7S:8F:9N:11D:19V:20S:21L:22C:23I	64.72	63.96	64.69	0.984595960378	carj
106D:108V:110P:111F:112T:131S:135F	58.45	57.09	58.02	0.051608079161800005	kar
106K:108I:110P:111F:112K:131S:135F	50.05	48.55	49.97	0.8017812796520001	kar
7S:8F:9S:11D:19V:20S:21L:22G:23I	92.22	90.37	92.23	0.592247593934	carj
7S:8I:9R:11N:19V:20S:21L:22A:23I	63.24	63.04	63.24	1.07090932893	carj
7F:8I:9S:11N:19V:20S:21L:22G:23I	69.48	68.38	69.39	0.975579881598	carj
106K:108M:110P:111F:112K:131S:135F	45.41	45.96	45.63	0.8236969982060001	kar
106N:108I:110N:111I:112K:131S:135F	60.94	61.02	60.4	0.8938953558589999	kar
106D:108I:110P:111I:112T:131S:135F	56.14	54.86	55.93	1.01923605966	kar
106N:108V:110D:111I:112T:131S:135F	64.41	63.48	64.1	0.809592602397	kar
106D:108M:110T:111I:112K:131S:135F	37.11	35.98	37.57	0.938171181716	kar
7S:8I:9N:11V:19N:20S:21L:22A:23I	97.76	95.77	97.78	0.0	carj
106N:108M:110D:111I:112K:131S:135F	45.11	45.74	45.57	0.963105720097	kar
106D:108V:110H:111F:112K:131S:135F	62.12	60.48	62.13	0.415058810357	kar
7S:8I:9R:11D:19V:20S:21L:22A:23I	59.99	59.47	60.0	1.0078654958600002	carj
106D:108M:110D:111I:112K:131S:135F	44.7	45.34	44.66	1.00462199001	kar
106K:108M:110D:111F:112T:131S:135F	47.61	47.71	47.33	0.7478534382250001	kar
106K:108M:110K:111F:112K:131S:135F	48.95	45.73	48.45	0.610948271288	kar
7S:8F:9N:11N:19V:20S:21L:22C:23I	67.44	66.75	67.42	0.8966179996220001	carj
106K:108I:110Q:111F:112T:131S:135F	41.39	43.45	41.11	0.704375717608	kar
106K:108V:110D:111I:112T:131S:135F	62.02	63.13	61.73	0.870543426038	kar
106D:108M:110T:111I:112T:131S:135F	37.62	36.67	38.1	0.937585642486	kar
106D:108M:110N:111I:112T:131S:135F	45.59	46.37	46.05	0.849579159271	kar
7S:8I:9N:11N:19D:20S:21L:22G:23I	128.91	129.97	128.9	0.0	carj
106K:108I:110E:111I:112T:131S:135F	54.45	53.6	53.9	0.971296865104	kar
106N:108M:110Q:111I:112K:131S:135F	38.15	37.41	38.62	0.950434045161	kar
106N:108I:110N:111I:112T:131S:135F	57.84	58.44	58.14	0.986974314599	kar
106D:108M:110K:111F:112T:131S:135F	52.63	46.39	52.05	0.438266772466	kar
7S:8I:9S:11V:19D:20S:21L:22G:23I	126.57	128.07	126.59	0.0	carj
106N:108I:110P:111F:112T:131S:135F	50.92	49.43	50.63	0.567434525691	kar
106D:108M:110H:111F:112T:131S:135F	50.57	48.77	49.98	0.59453488178	kar
106K:108I:110Q:111I:112K:131S:135F	48.05	50.03	48.35	0.989019312365	kar
106D:108V:110T:111F:112K:131S:135F	50.92	50.53	50.35	0.499922402841	kar
106N:108V:110E:111I:112K:131S:135F	61.67	59.72	61.54	0.973208747891	kar
106D:108V:110D:111I:112K:131S:135F	62.8	62.26	63.58	0.994270102881	kar
106D:108I:110Q:111I:112T:131S:135F	53.04	53.22	53.51	0.799568906207	kar
106N:108M:110H:111I:112K:131S:135F	47.57	47.67	48.1	0.904824329289	kar
106D:108V:110T:111I:112T:131S:135F	56.38	54.2	55.83	0.818973911592	kar
106N:108I:110E:111I:112K:131S:135F	54.8	55.08	54.61	1.01892129472	kar
106N:108V:110D:111I:112K:131S:135F	62.93	61.57	62.67	0.971672650295	kar
106K:108I:110T:111F:112T:131S:135F	42.77	39.71	41.97	0.892776949032	kar
106K:108I:110H:111I:112T:131S:135F	54.71	53.91	54.62	0.926477883586	kar
106K:108V:110K:111I:112K:131S:135F	58.99	58.16	58.78	0.972140964769	kar
106K:108M:110P:111I:112T:131S:135F	39.5	39.54	40.03	0.986576747374	kar
7F:8F:9R:11N:19V:20S:21L:22G:23I	68.95	67.21	68.96	0.574305759891	carj
7F:8I:9N:11V:19V:20S:21L:22A:23I	43.8	41.14	43.83	0.989226895165	carj
7S:8F:9R:11D:19V:20S:21L:22G:23I	74.8	75.07	74.83	0.867494021309	carj
106N:108I:110T:111F:112T:131S:135F	45.51	44.74	45.53	0.855890927087	kar
106D:108I:110H:111I:112K:131S:135F	57.61	59.69	57.58	0.827836090538	kar
7F:8F:9N:11N:19N:20S:21L:22C:23I	84.67	83.9	84.67	0.0	carj
7S:8I:9S:11V:19V:20S:21L:22G:23I	76.89	76.34	76.91	0.932776068945	carj
7S:8I:9R:11V:19V:20S:21L:22A:23I	50.74	50.56	50.77	0.901570649268	carj
106N:108M:110P:111I:112T:131S:135F	41.97	43.56	42.45	0.967431953488	kar
106N:108M:110T:111I:112T:131S:135F	37.35	34.99	37.31	0.916888175343	kar
106K:108V:110E:111F:112T:131S:135F	50.23	50.89	50.49	0.4799050690990001	kar
106D:108I:110H:111F:112T:131S:135F	51.44	49.99	50.18	0.744806256611	kar
106D:108I:110H:111F:112K:131S:135F	56.4	54.92	56.11	0.7305663319300001	kar
7S:8F:9S:11N:19V:20S:21L:22G:23I	92.39	93.3	92.41	0.671281413122	carj
106N:108I:110H:111I:112T:131S:135F	57.24	57.11	56.79	0.8134160400220001	kar
106D:108V:110T:111F:112T:131S:135F	50.52	52.17	50.24	0.594470230676	kar
106N:108I:110D:111I:112K:131S:135F	57.95	55.7	57.43	1.0026288477299998	kar
7F:8I:9S:11V:19V:20S:21L:22G:23I	56.21	57.45	56.15	0.979872997058	carj
7F:8I:9N:11D:19V:20S:21L:22A:23I	55.2	51.6	55.2	0.955784067247	carj
106N:108I:110K:111F:112K:131S:135F	53.58	54.75	53.3	0.506491075282	kar
106K:108V:110N:111F:112K:131S:135F	57.98	58.38	57.71	0.282833192681	kar
106K:108V:110D:111F:112T:131S:135F	58.6	57.54	58.01	0.304266200267	kar
106D:108M:110P:111I:112K:131S:135F	45.07	43.73	44.77	0.966213673411	kar
7S:8F:9S:11V:19V:20S:21L:22C:23I	59.24	59.58	59.26	1.0449155945100002	carj
106N:108V:110P:111I:112K:131S:135F	58.27	59.93	58.44	1.01800106344	kar
106K:108I:110E:111F:112K:131S:135F	45.42	46.16	45.43	0.8248317423999999	kar
7S:8I:9R:11D:19V:20S:21L:22C:23I	51.38	51.47	51.27	1.08196634303	carj
106K:108I:110N:111F:112T:131S:135F	50.55	48.68	50.27	0.814601681885	kar
106N:108I:110H:111I:112K:131S:135F	56.71	59.14	57.18	0.905242717558	kar
106K:108V:110D:111F:112K:131S:135F	52.34	54.2	52.56	0.318401492681	kar
106K:108M:110H:111F:112T:131S:135F	47.72	47.08	47.65	0.789281767398	kar
106D:108M:110K:111I:112K:131S:135F	46.74	45.79	46.58	0.8472339111939999	kar
106K:108M:110T:111I:112T:131S:135F	35.21	31.37	34.09	1.00585971158	kar
106K:108I:110T:111I:112T:131S:135F	44.75	46.19	44.76	0.960115705104	kar
7S:8I:9N:11N:19N:20S:21L:22C:23I	97.93	99.01	97.92	0.0	carj
7S:8I:9S:11N:19N:20S:21L:22G:23I	129.24	128.81	129.24	0.0	carj
7S:8I:9R:11V:19V:20S:21L:22G:23I	65.33	65.75	65.37	1.03280501387	carj
7S:8I:9S:11N:19V:20S:21L:22C:23I	67.07	66.52	67.07	0.965572633134	carj
106D:108I:110K:111I:112T:131S:135F	56.38	57.17	55.84	0.852716928546	kar
106N:108I:110Q:111F:112T:131S:135F	47.06	45.2	46.57	0.557842749665	kar
7S:8F:9S:11D:19V:20S:21L:22A:23I	74.97	76.93	74.95	0.927012693155	carj
7S:8F:9N:11V:19V:20S:21L:22G:23I	78.21	78.59	78.23	0.6752097704860001	carj
106K:108M:110T:111F:112K:131S:135F	36.6	35.96	35.85	0.742366409343	kar
106K:108M:110D:111I:112T:131S:135F	44.17	44.8	44.64	0.956108564141	kar
7F:8F:9N:11V:19V:20S:21L:22G:23I	62.8	64.82	62.82	0.707390378233	carj
7F:8I:9N:11N:19V:20S:21L:22A:23I	50.78	53.59	50.78	1.00963138918	carj
106D:108M:110Q:111F:112T:131S:135F	44.11	45.99	43.94	0.470814455693	kar
106N:108V:110H:111F:112K:131S:135F	57.72	60.55	57.78	0.229540245225	kar
106D:108I:110E:111F:112K:131S:135F	52.17	50.37	51.66	0.728067997859	kar
106N:108V:110P:111F:112K:131S:135F	58.4	58.3	57.81	0.570694874267	kar
7S:8F:9N:11N:19D:20S:21L:22A:23I	121.03	121.9	121.01	0.0	carj
106D:108M:110N:111I:112K:131S:135F	49.62	47.91	49.34	0.946572765657	kar
7S:8I:9S:11V:19D:20S:21L:22A:23I	110.92	110.56	110.88	0.0	carj
106N:108V:110K:111I:112K:131S:135F	61.73	63.03	62.02	0.8893795075640001	kar
106N:108V:110T:111I:112K:131S:135F	54.56	54.28	54.4	0.898574404114	kar
106N:108V:110D:111F:112K:131S:135F	57.66	57.31	57.57	0.210059431274	kar
7S:8I:9S:11D:19V:20S:21L:22A:23I	71.83	73.72	71.83	0.938625765952	carj
106K:108M:110Q:111I:112T:131S:135F	39.23	36.84	38.62	0.991003014361	kar
106D:108I:110P:111F:112K:131S:135F	51.68	51.42	51.91	0.725385617032	kar
106K:108M:110N:111I:112T:131S:135F	44.21	44.29	43.66	0.996379029669	kar
106K:108I:110Q:111F:112K:131S:135F	43.65	44.47	43.38	0.788393274082	kar
106N:108M:110N:111F:112T:131S:135F	50.77	55.68	50.48	0.608635363227	kar
106N:108M:110H:111I:112T:131S:135F	47.07	46.45	46.65	0.938861629289	kar
106D:108V:110P:111I:112K:131S:135F	63.18	62.4	62.92	1.00412533346	kar
106K:108I:110D:111I:112K:131S:135F	54.59	54.44	54.56	1.00622975274	kar
106N:108V:110T:111I:112T:131S:135F	54.66	51.79	54.11	0.8894569836049999	kar
7F:8I:9N:11V:19V:20S:21L:22G:23I	56.48	58.07	56.51	1.03047847074	carj
7S:8I:9N:11V:19V:20S:21L:22A:23I	58.11	58.32	58.07	0.948384869927	carj
106N:108I:110P:111F:112K:131S:135F	54.03	53.68	53.74	0.659529455387	kar
7F:8F:9N:11D:19V:20S:21L:22G:23I	69.08	73.07	69.05	0.6358615986330001	carj
106K:108M:110T:111F:112T:131S:135F	40.01	37.12	38.82	0.8725016609790001	kar
7F:8I:9S:11D:19V:20S:21L:22A:23I	54.76	55.77	54.75	1.04225474506	carj
106N:108V:110E:111I:112T:131S:135F	61.39	60.56	60.96	0.908668551966	kar
106N:108V:110H:111I:112T:131S:135F	63.15	63.43	61.93	0.818568962052	kar
106K:108M:110D:111F:112K:131S:135F	47.57	45.62	47.28	0.641020887738	kar
7F:8I:9S:11V:19V:20S:21L:22C:23I	33.97	34.43	33.97	1.02874511457	carj
106D:108I:110E:111F:112T:131S:135F	49.88	51.82	49.9	0.527880917343	kar
106N:108V:110T:111F:112T:131S:135F	48.45	48.75	48.69	0.6663338110220001	kar
7S:8F:9N:11D:19V:20S:21L:22A:23I	71.79	74.59	71.76	0.927696332413	carj
106N:108I:110T:111I:112K:131S:135F	48.43	50.35	48.23	0.91947592397	kar
7S:8F:9N:11N:19V:20S:21L:22G:23I	89.93	89.55	89.91	0.6480527796500001	carj
7F:8I:9R:11V:19V:20S:21L:22C:23I	29.1	29.03	29.14	0.895335480129	carj
106K:108I:110E:111F:112T:131S:135F	48.46	45.28	48.19	0.709961390177	kar
106K:108I:110K:111F:112K:131S:135F	48.97	48.45	48.7	0.75075846001	kar
106N:108I:110H:111F:112T:131S:135F	52.4	50.26	52.23	0.721976921049	kar
106N:108M:110E:111I:112K:131S:135F	46.14	44.48	45.59	1.00001592141	kar
106K:108I:110P:111F:112T:131S:135F	47.84	48.34	47.55	0.6839467080480001	kar
106K:108V:110T:111F:112K:131S:135F	44.94	44.59	45.12	0.61178924358	kar
106D:108I:110N:111F:112K:131S:135F	54.55	55.38	54.59	0.52059454722	kar
106N:108M:110Q:111F:112T:131S:135F	42.58	44.45	42.5	0.6360021488359999	kar
106D:108I:110T:111I:112T:131S:135F	51.08	49.77	51.0	0.84656798692	kar
106K:108V:110K:111F:112K:131S:135F	54.52	55.6	54.26	0.4567027724580001	kar
106D:108V:110N:111I:112K:131S:135F	69.15	65.73	68.6	0.97313654238	kar
106K:108V:110Q:111F:112T:131S:135F	49.0	47.09	48.25	0.521979145592	kar
106K:108M:110N:111F:112T:131S:135F	48.56	46.95	47.97	0.8205322127150001	kar
106K:108V:110K:111I:112T:131S:135F	59.9	56.58	59.2	0.983457971317	kar
106K:108M:110H:111I:112T:131S:135F	42.98	43.12	42.68	0.970760875435	kar
106K:108M:110K:111I:112K:131S:135F	41.18	41.88	41.14	0.988835733427	kar
106K:108M:110P:111F:112T:131S:135F	42.41	42.09	42.66	0.7741126699349999	kar
7S:8I:9N:11D:19D:20S:21L:22G:23I	129.07	132.63	128.95	0.0	carj
106N:108M:110N:111I:112K:131S:135F	49.4	49.97	49.36	0.987902262817	kar
106N:108V:110Q:111I:112K:131S:135F	58.31	57.34	58.01	0.873735224528	kar
106N:108M:110N:111F:112K:131S:135F	54.01	53.55	53.5	0.673187857102	kar
7S:8I:9N:11N:19N:20S:21L:22A:23I	107.19	105.97	107.14	0.0	carj
106D:108I:110T:111F:112K:131S:135F	41.85	44.02	41.57	0.8382322623909999	kar
106K:108V:110N:111I:112T:131S:135F	59.97	59.64	59.87	0.969066728899	kar
106N:108M:110T:111F:112T:131S:135F	42.05	38.87	41.46	0.747803222851	kar
7S:8F:9R:11V:19V:20S:21L:22G:23I	65.45	64.79	65.49	0.895926857366	carj
7S:8F:9S:11N:19N:20S:21L:22C:23I	107.18	106.89	107.19	0.0	carj
106K:108V:110E:111I:112T:131S:135F	58.69	59.67	58.39	0.967726368474	kar
106N:108I:110E:111F:112K:131S:135F	48.69	49.14	48.7	0.514319593842	kar
106D:108I:110E:111I:112K:131S:135F	55.89	55.59	55.72	0.9895212559799998	kar
106K:108M:110P:111I:112K:131S:135F	41.34	41.33	41.29	1.0099557392	kar
7S:8F:9R:11V:19V:20S:21L:22C:23I	42.79	41.61	42.83	1.0651308351100002	carj
106D:108M:110H:111F:112K:131S:135F	48.68	50.41	48.59	0.587180595181	kar
106N:108V:110E:111F:112T:131S:135F	56.55	55.87	56.48	0.208006048441	kar
7F:8I:9S:11V:19V:20S:21L:22A:23I	43.58	42.63	43.52	0.94008521181	carj
106D:108M:110H:111I:112T:131S:135F	47.56	47.38	46.85	0.8674264304449999	kar
7S:8F:9N:11N:19N:20S:21L:22G:23I	128.7	126.51	128.69	0.0	carj
7F:8F:9S:11N:19V:20S:21L:22G:23I	77.08	75.73	76.96	0.721312006168	carj
7S:8F:9S:11D:19V:20S:21L:22C:23I	69.2	68.28	69.21	0.877753602855	carj
106N:108I:110Q:111I:112K:131S:135F	53.16	54.04	52.64	1.00053090962	kar
106N:108I:110P:111I:112T:131S:135F	53.34	53.32	53.81	0.991715369427	kar
106N:108M:110K:111I:112K:131S:135F	46.47	46.07	46.91	0.899060381151	kar
7F:8I:9N:11D:19V:20S:21L:22C:23I	42.41	42.52	42.41	1.0522587075299998	carj
106N:108I:110N:111F:112T:131S:135F	52.87	54.31	52.59	0.785717696549	kar
7F:8I:9R:11N:19V:20S:21L:22C:23I	43.11	41.84	43.12	0.985771283996	carj
106D:108I:110Q:111F:112T:131S:135F	46.34	46.81	46.37	0.5233423631090001	kar
7S:8F:9S:11V:19V:20S:21L:22A:23I	68.56	67.81	68.61	0.971039233724	carj
106N:108M:110P:111F:112T:131S:135F	46.29	46.33	45.69	0.647600981946	kar
106K:108V:110Q:111I:112T:131S:135F	53.79	55.03	53.49	0.92682139303	kar
106K:108I:110P:111I:112T:131S:135F	52.21	49.34	52.22	1.00142943036	kar
106D:108M:110D:111F:112K:131S:135F	46.51	47.63	46.73	0.667221667968	kar
106D:108I:110H:111I:112T:131S:135F	58.9	58.06	58.37	0.80718765398	kar
7S:8I:9N:11V:19V:20S:21L:22G:23I	70.62	73.47	70.65	0.8989666598620001	carj
106K:108M:110Q:111I:112K:131S:135F	40.14	36.84	39.59	0.981958547453	kar
106D:108M:110H:111I:112K:131S:135F	47.86	46.08	47.84	0.906114887703	kar
7F:8I:9S:11D:19V:20S:21L:22C:23I	47.56	46.63	47.48	0.953432885304	carj
7S:8I:9N:11N:19V:20S:21L:22G:23I	83.23	83.35	83.19	0.7774489937119999	carj
106D:108M:110T:111F:112T:131S:135F	41.4	40.5	40.82	0.791090383633	kar
106N:108I:110T:111F:112K:131S:135F	44.13	43.43	43.85	0.7835123875309999	kar
106D:108V:110E:111I:112K:131S:135F	61.86	60.95	61.97	0.931712135369	kar
7S:8F:9N:11D:19V:20S:21L:22G:23I	86.64	86.91	86.61	0.441737489655	carj
106K:108M:110D:111I:112K:131S:135F	43.85	41.78	43.09	0.996153612059	kar
7S:8I:9R:11D:19V:20S:21L:22G:23I	77.91	74.62	77.92	0.8708083755600001	carj
106N:108V:110Q:111I:112T:131S:135F	55.75	55.55	55.12	0.843712715627	kar
106N:108M:110E:111F:112T:131S:135F	49.71	51.79	50.2	0.461607807484	kar
106D:108I:110N:111F:112T:131S:135F	52.9	55.46	52.74	0.76338464908	kar
106K:108V:110P:111I:112K:131S:135F	57.3	57.28	57.0	0.99922368714	kar
106D:108M:110D:111F:112T:131S:135F	49.21	47.72	48.7	0.684291650445	kar
106D:108V:110N:111F:112K:131S:135F	61.86	59.87	61.58	0.362902811177	kar
106K:108V:110H:111F:112T:131S:135F	52.34	52.81	52.08	0.546019962671	kar
106K:108M:110E:111I:112T:131S:135F	40.94	43.23	41.41	0.948851630749	kar
7F:8I:9N:11N:19N:20S:21L:22G:23I	107.1	106.73	107.11	0.0	carj
7F:8F:9S:11V:19D:20S:21L:22G:23I	113.58	113.76	113.59	0.0	carj
106K:108I:110H:111I:112K:131S:135F	54.52	54.53	54.73	0.996915376148	kar
106K:108I:110D:111F:112K:131S:135F	49.68	50.47	49.39	0.504121320705	kar
106D:108V:110D:111F:112T:131S:135F	58.54	60.54	58.77	0.192990583438	kar
106K:108V:110Q:111I:112K:131S:135F	54.54	56.85	54.84	0.998155442124	kar
106K:108M:110Q:111F:112T:131S:135F	39.29	39.52	39.38	0.699602058562	kar
106K:108I:110T:111I:112K:131S:135F	45.25	46.01	45.3	1.00528325174	kar
106D:108M:110N:111F:112T:131S:135F	49.64	49.65	49.04	0.7813497480600001	kar
7S:8I:9S:11V:19V:20S:21L:22C:23I	54.84	53.54	54.98	1.02605740097	carj
106K:108I:110D:111I:112T:131S:135F	58.95	56.72	58.41	0.909098482857	kar
7S:8I:9N:11N:19V:20S:21L:22A:23I	68.36	67.99	68.36	0.991273507031	carj
106K:108I:110H:111F:112K:131S:135F	53.92	51.89	54.01	0.81521266852	kar
106N:108M:110K:111I:112T:131S:135F	45.07	41.86	44.53	0.8234943862720001	kar
7S:8I:9S:11D:19D:20S:21L:22G:23I	133.69	135.59	133.68	0.0	carj
106N:108I:110K:111I:112T:131S:135F	57.74	56.18	57.71	0.865431578471	kar
7S:8I:9S:11D:19V:20S:21L:22C:23I	65.8	67.11	65.8	0.980583967241	carj
106K:108I:110N:111F:112K:131S:135F	50.93	49.77	50.85	0.593358492261	kar
106K:108I:110Q:111I:112T:131S:135F	51.23	49.13	51.2	0.955627052833	kar
106K:108V:110H:111I:112T:131S:135F	62.07	58.51	62.81	0.943225152646	kar
106D:108I:110P:111I:112K:131S:135F	55.58	52.58	55.57	0.987450621699	kar
106K:108V:110T:111I:112K:131S:135F	51.47	51.89	51.65	0.995994480855	kar
106D:108I:110K:111F:112T:131S:135F	50.23	49.88	50.87	0.404604401266	kar
7S:8I:9R:11N:19V:20S:21L:22C:23I	54.61	55.44	54.61	0.964730011967	carj
106K:108V:110P:111F:112K:131S:135F	53.25	55.8	53.48	0.610168859547	kar
106D:108V:110H:111F:112T:131S:135F	59.22	57.6	58.92	0.415779390779	kar
106N:108V:110N:111F:112K:131S:135F	60.22	61.47	60.04	0.257141598311	kar
106N:108V:110P:111F:112T:131S:135F	57.07	56.45	56.49	0.239474702332	kar
7S:8I:9N:11V:19V:20S:21L:22C:23I	49.26	49.9	49.27	0.996420478181	carj
106N:108V:110H:111I:112K:131S:135F	65.91	64.41	65.38	0.887855308158	kar
106K:108V:110H:111F:112K:131S:135F	53.72	53.85	54.63	0.625227586627	kar
106N:108I:110D:111F:112T:131S:135F	56.54	55.92	56.35	0.540462470428	kar
7S:8I:9R:11N:19V:20S:21L:22G:23I	78.27	76.46	78.27	0.802786141993	carj
7S:8F:9N:11V:19V:20S:21L:22C:23I	55.45	55.64	55.46	0.980895706138	carj
106K:108V:110E:111I:112K:131S:135F	58.24	60.4	57.94	1.00284720911	kar
106K:108I:110D:111F:112T:131S:135F	52.51	53.46	52.23	0.614726871932	kar
106N:108I:110D:111I:112T:131S:135F	61.36	59.75	60.81	0.92420446055	kar
106N:108V:110Q:111F:112T:131S:135F	51.54	50.35	50.4	0.193210775732	kar
7F:8F:9N:11V:19V:20S:21L:22A:23I	51.61	49.67	51.64	0.969248464494	carj
106K:108M:110K:111F:112T:131S:135F	44.61	45.01	44.03	0.681822309311	kar
7S:8I:9S:11N:19V:20S:21L:22G:23I	88.52	86.32	88.52	0.872386217385	carj
106N:108V:110H:111F:112T:131S:135F	56.97	56.24	57.19	0.323789870584	kar
7S:8I:9N:11D:19V:20S:21L:22C:23I	58.4	58.82	58.37	0.940261515479	carj
7F:8F:9S:11N:19V:20S:21L:22A:23I	59.2	60.68	59.09	1.08122173642	carj
106K:108V:110T:111I:112T:131S:135F	50.07	48.71	50.03	0.962006281513	kar
106K:108I:110E:111I:112K:131S:135F	51.86	49.46	50.81	1.00609326938	kar
7F:8F:9N:11N:19V:20S:21L:22G:23I	74.78	73.75	74.78	0.633327743947	carj
106N:108M:110Q:111I:112T:131S:135F	45.16	42.69	44.41	0.789770944692	kar
7S:8I:9R:11V:19V:20S:21L:22C:23I	41.51	42.64	41.53	0.975318840976	carj
106D:108I:110K:111I:112K:131S:135F	60.24	57.98	60.03	0.936991581355	kar
106N:108M:110H:111F:112K:131S:135F	49.0	50.03	48.91	0.613587686524	kar
106D:108V:110D:111I:112T:131S:135F	67.28	64.73	66.97	0.761797284904	kar
106D:108V:110K:111I:112K:131S:135F	60.62	62.88	61.22	0.862935910614	kar
7F:8F:9N:11N:19V:20S:21L:22C:23I	53.0	51.6	53.02	0.909408500755	carj
106D:108V:110Q:111F:112K:131S:135F	52.75	54.87	53.09	0.324663352498	kar
106N:108I:110E:111I:112T:131S:135F	56.15	53.84	56.11	0.914319962008	kar
106N:108M:110T:111I:112K:131S:135F	34.18	36.2	34.66	0.959523163725	kar
106K:108V:110H:111I:112K:131S:135F	61.89	63.78	61.76	0.990177230188	kar
7S:8F:9R:11N:19N:20S:21L:22C:23I	92.36	92.4	92.38	0.0	carj
7S:8F:9S:11V:19V:20S:21L:22G:23I	83.52	83.7	83.56	0.7731972715659999	carj
106N:108V:110K:111F:112K:131S:135F	58.77	58.89	58.52	0.377061227465	kar
7F:8I:9S:11D:19V:20S:21L:22G:23I	70.03	70.09	70.02	0.8920732040989999	carj
7S:8I:9N:11D:19V:20S:21L:22A:23I	66.13	66.07	66.13	0.990221686174	carj
106N:108M:110D:111F:112T:131S:135F	51.47	50.45	51.19	0.693584064207	kar
106K:108V:110N:111F:112T:131S:135F	54.96	55.69	54.74	0.5731758041430001	kar
106N:108M:110T:111F:112K:131S:135F	35.58	37.38	35.82	0.720601377429	kar
7S:8F:9S:11N:19V:20S:21L:22A:23I	78.76	76.84	78.78	0.7837689727439999	carj
106D:108V:110P:111F:112K:131S:135F	58.96	58.9	58.67	0.591422420217	kar
7S:8I:9S:11D:19V:20S:21L:22G:23I	87.53	84.83	87.53	0.67440871329	carj
7F:8I:9N:11N:19D:20S:21L:22G:23I	118.93	111.61	118.92	0.0	carj
106D:108M:110K:111I:112T:131S:135F	42.82	41.83	42.54	0.8913630901180001	kar
106D:108M:110P:111F:112T:131S:135F	45.73	44.35	45.43	0.708856380326	kar
106N:108I:110P:111I:112K:131S:135F	53.98	55.94	52.85	0.960125676306	kar
106D:108V:110P:111I:112T:131S:135F	61.54	60.81	61.33	1.00033546829	kar
106K:108V:110E:111F:112K:131S:135F	47.92	49.65	47.78	0.844021954191	kar
106K:108I:110K:111I:112K:131S:135F	56.22	55.15	55.69	1.00238032059	kar
7F:8F:9N:11N:19V:20S:21L:22A:23I	60.67	59.91	60.68	0.941480932154	carj
7S:8I:9N:11D:19N:20S:21L:22C:23I	97.0	98.36	96.98	0.0	carj
106D:108M:110D:111I:112T:131S:135F	47.27	46.24	46.81	0.956256380962	kar
106K:108V:110Q:111F:112K:131S:135F	50.18	49.72	50.11	0.692903288595	kar
7S:8F:9R:11N:19V:20S:21L:22G:23I	79.56	78.96	79.57	0.779229155006	carj
106N:108V:110K:111F:112T:131S:135F	57.05	55.92	57.07	0.238852206787	kar
