ddG_bindingRescuing	ddG_bindingRescuable	mutList_rescuing	mutList_rescuable	rescuing_fitness
-0.2645198294060066	0.7240000000000002	137G:139A:140F:141C:142F:143A:144N:157T:161T:163V	137D:139A:140F:144N:157S:161T	1.02113536114
-0.20981063362758123	0.7240000000000002	137G:139A:140F:141C:142F:143A:144N:157T:160V:161T:163V	137D:139A:140F:144N:157S:161T	0.896725338963
-0.3035699572616899	0.8343333333333346	181C:183N:189A:202A:203S:206L:207T:209K:211E	139A:140F:142F:143I:144K:157S:161T:163I	0.92375277041
-0.6901168170031037	0.8343333333333346	181C:183N:189A:202A:203S:206L:207T:209K:210D:211E	139A:140F:142F:143I:144K:157S:161T:163I	0.757777278789
-0.8220118673277613	0.8343333333333346	181C:183N:189A:202A:203S:206L:207T:208E:209K:211E	139A:140F:142F:143I:144K:157S:161T:163I	0.609179935912
-0.1967725536000101	0.8343333333333346	181C:183N:189A:202A:203S:205T:206L:207T:209K:211E	139A:140F:142F:143I:144K:157S:161T:163I	1.0327992726700002
-0.797412788737308	0.35233333333333405	181C:183N:189A:202A:203S:206L:207T:209K:210D:211E	139A:140F:142F:143I:144K:157T:161T:163V	0.757777278789
0.05910633411541388	0.5083333333333341	181C:183N:189A:202A:203S:204I:205T:206L:207T:209K:211E	139A:140F:142F:143A:144N:157S:160V:161T:163V	0.611339890582
0.1309960938343634	0.7230000000000013	181C:183N:189A:202A:203S:204I:205T:206L:207T:209K:211E	139A:140F:142F:143A:144N:157S:160V:161T:163I	0.611339890582
-0.6825584811742224	0.7230000000000013	181C:183N:189A:201K:202A:203S:204I:205T:206L:209K:211E	139A:140F:142F:143A:144N:157S:160V:161T:163I	0.605626429952
0.0630583714159979	0.6139999999999995	181H:183N:189A:201K:202A:203S:206L:207T:208E:209K:211E	152I:154H:165D	0.772874462727
-0.7331050802470949	0.700333333333333	181C:183N:189A:202A:203S:205T:206L:207T:209K:210D:211E	152I:154H:165Q	1.03398061979
-0.5096221055727322	0.700333333333333	181C:183N:189A:201K:202A:203S:205T:206L:207T:209K:210D	152I:154H:165Q	0.936461585564
0.2569299716259955	0.8096666666666673	181H:183N:189A:201K:202A:203S:206L:209K:211E	152I:154H:165H:170T	0.8380171049330001
-1.1032972751354464	0.8096666666666673	181H:183N:189A:201K:202A:203S:206L:209K:210D:211E	152I:154H:165H:170T	0.9283701308490001
-0.748870700298459	0.8096666666666673	181H:183N:189A:201K:202A:203S:206L:207T:209K:211E	152I:154H:165H:170T	0.9289596560240001
-0.5891149358930075	0.8096666666666673	181H:183N:189A:201K:202A:203S:205T:206L:209K:211E	152I:154H:165H:170T	0.797222098883
0.3066198455479382	0.8096666666666673	181H:183N:189A:201K:202A:203S:206L:207T:209K:210D:211E	152I:154H:165H:170T	1.0663077060700001
0.0494900842831838	0.8096666666666673	181H:183N:189A:201K:202A:203S:206L:207T:208E:209K:211E	152I:154H:165H:170T	0.772874462727
0.4303454815801528	0.8096666666666673	181H:183N:189A:201K:202A:203S:205T:206L:209K:210D:211E	152I:154H:165H:170T	0.70438014261
0.09995167556609874	0.8096666666666673	181H:183N:189A:201K:202A:203S:205T:206L:207T:209K:211E	152I:154H:165H:170T	0.996970325497
-0.13584143578327634	0.1700000000000017	181H:183N:189A:201K:202A:203S:204I:206L:209K:210D:211E	148R:152I:154H:165H	0.8568066634039999
-0.3761873044137354	0.1700000000000017	181H:183N:189A:201K:202A:203S:204I:206L:207T:209K:211E	148R:152I:154H:165H	0.859386143753
-0.42380415704687535	0.1700000000000017	181C:183N:189A:201K:202A:203S:205T:206L:207T:208E:209K:211E	148R:152I:154H:165H	0.7282796678650001
-0.724392240797733	0.1700000000000017	181C:183N:189A:202A:203S:205T:206L:207T:209K:211E	148R:152I:154H:165H	1.0327992726700002
-0.041078978672475897	0.8313333333333345	181C:183N:189A:201K:202A:203S:206L:207T:208E:209K:210D	148K:152I:154H:165H:170T	0.835280838169
-1.0609800459242844	0.8313333333333345	181C:183N:189A:202A:203S:206L:207T:208E:209K:210D:211E	148K:152I:154H:165H:170T	0.788909695657
0.03833558371625012	0.11866666666666714	181C:183N:189A:202A:203S:206L:207T:209K:211E	148K:152I:154H:165H:169R	0.92375277041
-0.7131516782499289	0.11866666666666714	181C:183N:189A:202A:203S:206L:207T:209K:210D:211E	148K:152I:154H:165H:169R	0.757777278789
-0.8310047266761424	0.11866666666666714	181C:183N:189A:202A:203S:206L:207T:208E:209K:211E	148K:152I:154H:165H:169R	0.609179935912
-0.5781110545620393	0.11866666666666714	181C:183N:189A:202A:203S:205T:206L:207T:209K:211E	148K:152I:154H:165H:169R	1.0327992726700002
0.06823368943421715	0.11866666666666714	181C:183N:189A:202A:203S:204I:206L:207T:209K:211E	148K:152I:154H:165H:169R	0.70732406718
0.0648169988832154	0.11866666666666714	181C:183N:189A:201K:202A:203S:206L:207T:209K:211E	148K:152I:154H:165H:169R	0.9416894686759999
-0.21589938446468415	0.11866666666666714	181C:183N:189A:202A:203S:204I:206L:207T:209K:210D:211E	148K:152I:154H:165H:169R	0.939780814956
-1.2432101995636442	0.11866666666666714	181C:183N:189A:202A:203S:205T:206L:207T:209K:210D:211E	148K:152I:154H:165H:169R	1.03398061979
-0.5866978362574538	0.9933333333333346	181C:183N:189A:202A:203S:206L:207T:208E:209K:210D:211E	148R:152I:154H:165H:170S	0.788909695657
-0.6229042772775791	0.9933333333333346	181C:183N:189A:202A:203S:206L:207T:209K:210D:211E	148R:152I:154H:165H:170S	0.757777278789
0.05260066354142434	0.9933333333333346	181C:183N:189A:201K:202A:203S:206L:209K:210D:211E	148R:152I:154H:165H:170S	0.780766324961
0.1594147451812915	0.9933333333333346	181C:183N:189A:202A:203S:204I:206L:207T:209K:210D:211E	148R:152I:154H:165H:170S	0.939780814956
0.062153632436817374	0.9933333333333346	181C:183N:189A:201K:202A:203S:204I:206L:209K:210D:211E	148R:152I:154H:165H:170S	0.678516594991
-0.9024920994262133	0.9933333333333346	181C:183N:189A:202A:203S:205T:206L:207T:209K:210D:211E	148R:152I:154H:165H:170S	1.03398061979
-0.7673013795339894	0.9933333333333346	181C:183N:189A:202A:203S:206L:207T:208E:209K:210D:211E	148R:152I:154H:165H:170S	0.788909695657
-0.031035470739401827	0.7126666666666684	181H:183N:189A:201K:202A:203S:206L:207T:208E:209K:211E	148R:152I:154H:165H:170T	0.772874462727
-0.58977452837073	1.0603333333333336	181C:183N:189A:201K:202A:203S:205T:206L:209K:211E	152I:154H:165H:168S:169R	0.6133412700699999
0.00910004877900139	1.0603333333333336	181C:183N:189A:201K:202A:203S:205T:206L:207T:209K	152I:154H:165H:168S:169R	0.9471425138959999
-0.40702879704850514	1.0603333333333336	181C:183N:189A:201K:202A:203S:205T:206L:207T:209K:210D	152I:154H:165H:168S:169R	0.936461585564
-0.7319507722594918	0.2030000000000005	181C:183N:189A:201K:202A:203S:204I:206L:207T:209K	152I:154H:165Q:169R:170T	0.775973459569
-0.4907403690118127	0.2030000000000005	181C:183N:189A:201K:202A:203S:204I:206L:209K:210D:211E	152I:154H:165Q:169R:170T	0.678516594991
-0.7122383157424822	0.2030000000000005	181C:183N:189A:201K:202A:203S:204I:206L:207T:209K:211E	152I:154H:165Q:169R:170T	0.7481049815430001
-0.7022892290573775	0.2030000000000005	181C:183N:189A:201K:202A:203S:204I:205T:206L:209K:211E	152I:154H:165Q:169R:170T	0.605626429952
-0.2198032295821195	0.2030000000000005	181C:183N:189A:201K:202A:203S:206L:207T:208E:209K	152I:154H:165Q:169R:170T	0.841223406608
-0.24239848653767937	0.2030000000000005	181C:183N:189A:201K:202A:203S:206L:207T:208E:209K:210D	152I:154H:165Q:169R:170T	0.835280838169
0.23404050472589344	0.2030000000000005	181C:183N:189A:201K:202A:203S:206L:207T:208E:209K:211E	152I:154H:165Q:169R:170T	0.9027734059620001
-0.8292885225853054	0.036666666666668846	181C:183N:189A:201K:202A:203S:206L:209K:211E	148R:152I:154H:164I:165H:169R	0.663780550959
-0.18245657723849845	0.036666666666668846	181C:183N:189A:201K:202A:203S:206L:207T:209K:211E	148R:152I:154H:164I:165H:169R	0.9416894686759999
-0.4030238154483363	0.036666666666668846	181C:183N:189A:201K:202A:203S:206L:209K:210D:211E	148R:152I:154H:164I:165H:169R	0.780766324961
0.0031083254653986314	0.036666666666668846	181C:183N:189A:201K:202A:203S:205T:206L:209K:211E	148R:152I:154H:164I:165H:169R	0.6133412700699999
-0.3663750641268839	0.036666666666668846	181C:183N:189A:201K:202A:203S:204I:206L:209K:210D:211E	148R:152I:154H:164I:165H:169R	0.678516594991
-0.6040225604770277	0.036666666666668846	181C:183N:189A:201K:202A:203S:206L:207T:209K:210D:211E	148R:152I:154H:164I:165H:169R	0.8885524259
-0.50990774133173	0.036666666666668846	181C:183N:189A:201K:202A:203S:206L:207T:208E:209K:211E	148R:152I:154H:164I:165H:169R	0.9027734059620001
-0.8286970830211461	0.036666666666668846	181C:183N:189A:201K:202A:203S:205T:206L:209K:210D:211E	148R:152I:154H:164I:165H:169R	0.7627974977259999
-0.9172915255023609	0.036666666666668846	181C:183N:189A:201K:202A:203S:204I:206L:207T:209K:211E	148R:152I:154H:164I:165H:169R	0.7481049815430001
-0.40967041053472664	0.036666666666668846	181C:183N:189A:201K:202A:203S:204I:205T:206L:209K:211E	148R:152I:154H:164I:165H:169R	0.605626429952
-0.5911503819847191	0.7246666666666677	181C:183T:189A:201K:202A:203S:206L:209K:211E	148K:152I:154H:165H:168S:169R	0.861786915762
-0.8037509716532802	0.7246666666666677	181C:183T:189A:201K:202A:203S:204I:206L:209K:211E	148K:152I:154H:165H:168S:169R	0.8611081320909999
-0.2999414960057014	0.7246666666666677	181C:183T:189A:201K:202A:203S:205T:206L:209K:211E	148K:152I:154H:165H:168S:169R	0.803891908724
-0.11034010348539836	0.7246666666666677	181C:183T:189A:201K:202A:203S:206L:209K:210D:211E	148K:152I:154H:165H:168S:169R	0.8839986929320001
-0.8378987242069387	0.8833333333333329	181H:183N:189A:201K:202A:203S:204I:206L:209K:210D:211E	152I:154H:164I:165H:169R:170T	0.8568066634039999
0.00027824083213667805	1.0120000000000005	181H:183N:189A:201K:202A:203S:204I:206L:207T:209K:211E	152I:154H:165H:168S:169R:170T	0.859386143753
-0.9042349254393707	1.0120000000000005	181C:183T:189A:201K:202A:203S:204I:206L:209K:211E	152I:154H:165H:168S:169R:170T	0.8611081320909999
0.3567927983467297	1.0120000000000005	181C:183N:189A:201K:202A:203S:204I:206L:209K:210D:211E	152I:154H:165H:168S:169R:170T	0.678516594991
-0.37701546501896477	1.0120000000000005	181C:183T:189A:201K:202A:203S:204I:206L:207T:209K:211E	152I:154H:165H:168S:169R:170T	0.9086767500920001
0.3570944215236711	1.0120000000000005	181C:183T:189A:201K:202A:203S:204I:205T:206L:209K:211E	152I:154H:165H:168S:169R:170T	0.625635556647
-0.3374878135882867	0.663333333333334	181C:183N:189A:201K:202A:203S:204I:206L:207T:209K	152I:154H:165H:168S:169R:170S	0.775973459569
0.6092635793983014	0.474999999999999	66Y:67T:73A:86F:87V	181H:183N:201K:202A:203S:206L:209K:211E	0.826743534323
-0.5791455410790116	0.474999999999999	66Y:67T:86F:87V:93I	181H:183N:201K:202A:203S:206L:209K:211E	0.721151611478
0.2791402959097444	0.474999999999999	66Y:67T:86F:87V:93V	181H:183N:201K:202A:203S:206L:209K:211E	0.907138980056
-0.30713677212016205	0.6526666666666673	66N:67T:86F:87V:93V	181C:183N:202A:203S:206L:207T:209K:211E	0.848518780336
-0.02552646914452167	0.6526666666666673	66N:67T:73A:86F:87V	181C:183N:202A:203S:206L:207T:209K:211E	0.875266427527
-0.2806056143790882	0.6526666666666673	66N:67T:73A:86F:87V:93A	181C:183N:202A:203S:206L:207T:209K:211E	0.9720709043700001
