mutList	interfaceRatio	dist_Scer	ddG_binding	ifRescuable
137D:139A:140F:143A:144N:157S:161T:163I	62.5	8	1.5120000000000005	1
137D:139A:140F:143A:144N:157S:161T:163V	62.5	8	0.938333333333335	0
137D:139A:140F:144N:157S:161T	83.33333333333333	6	1.3106666666666675	1
139A:140F:141G:142F:144K:157S:161T:163V	75.0	8	1.5256666666666672	0
139A:140F:141S:142F:143I:161T:163I	57.14285714285714	7	0.44833333333333303	0
139A:140F:141S:142F:143T:161T:163I	57.14285714285714	7	1.477333333333334	1
139A:140F:142F:143A:144D:157S:160V:161T:163V	66.66666666666667	9	1.2230000000000012	1
139A:140F:142F:143A:144D:157S:161T:163I	75.0	8	0.5686666666666678	1
139A:140F:142F:143A:144D:157S:161T:163V	75.0	8	1.5603333333333336	1
139A:140F:142F:143A:144K:157S:161T:163I	75.0	8	0.8170000000000013	1
139A:140F:142F:143A:144N:157S:160V:161T:163I	66.66666666666667	9	0.852333333333334	1
139A:140F:142F:143A:144N:157S:160V:161T:163V	66.66666666666667	9	1.4596666666666671	1
139A:140F:142F:143A:144N:157S:161T:163I	75.0	8	0.7516666666666676	1
139A:140F:142F:143A:144N:157S:161T:163V	75.0	8	1.1000000000000014	0
139A:140F:142F:143A:144N:157T:160V:161T:163V	66.66666666666667	9	1.1226666666666674	1
139A:140F:142F:143A:144N:157T:161T:163V	75.0	8	1.3566666666666678	1
139A:140F:142F:143I:144K:157S:161T:163I	75.0	8	1.5603333333333336	0
139A:140F:142F:143I:144K:157T:161T:163V	75.0	8	1.0383333333333353	1
139A:140F:142F:143I:157T:161T:163I	71.42857142857143	7	0.7283333333333328	0
139A:140F:142F:143T:144D:157S:161T:163V	75.0	8	1.0516666666666672	1
139A:140F:142F:143T:144D:157T:161T:163V	75.0	8	1.0956666666666677	1
139A:140F:142F:143T:144K:157S:161T:163I	75.0	8	1.2763333333333349	1
139A:140F:142F:143T:144K:157S:161T:163V	75.0	8	1.1656666666666666	0
139A:140F:142F:143T:144N:157S:161T:163I	75.0	8	1.0856666666666683	1
139A:140F:142F:143T:144N:157S:161T:163V	75.0	8	1.2246666666666677	1
139A:140F:142F:143T:144N:157T:161T:163I	75.0	8	0.6700000000000017	1
139A:140F:142F:161T:163I	80.0	5	1.0576666666666674	1
139A:140F:143T:144D	75.0	4	1.383666666666668	1
139A:140F:143T:144D:160V:163I	50.0	6	1.4933333333333345	1
139A:140F:143T:144D:160V:163V	50.0	6	1.0453333333333332	0
139A:140F:143T:144D:161T:163I	66.66666666666667	6	0.7540000000000024	1
139A:140F:143T:144D:163I	60.0	5	1.1139999999999994	1
139A:140F:143T:144D:163V	60.0	5	1.5603333333333336	1
139A:141G:142F:144D:161T:163I	66.66666666666667	6	1.163333333333334	1
139A:142F:143A:144D:157T:161T:163I	71.42857142857143	7	1.2830000000000013	1
139A:142F:143A:144D:161T:163I	66.66666666666667	6	1.3096666666666672	1
139A:142F:143T:144D:157T:161T:163I	71.42857142857143	7	1.200333333333333	1
139A:142F:143T:144D:161T:163I	66.66666666666667	6	0.9853333333333321	1
139A:142F:144D:157T:161T:163I	83.33333333333333	6	0.8076666666666661	1
139A:142F:144D:161T:163I	80.0	5	1.1573333333333338	1
139A:142F:144K:157S:163V	80.0	5	0.4836666666666669	1
139A:142F:144K:157T:161T:163I	83.33333333333333	6	1.1316666666666664	1
139A:142F:144K:161T:163V	80.0	5	0.9010000000000009	1
142F:143A:144D:157T:161T:163I	66.66666666666667	6	1.125	1
142F:144D:157T:163I	75.0	4	1.0453333333333332	1
145I:148K:152I:154H:165H:169R	66.66666666666667	6	1.2486666666666673	0
148K:152I:154H:165H:168S:169R	66.66666666666667	6	1.5153333333333343	0
148K:152I:154H:165H:169R	80.0	5	1.8370000000000009	1
148K:152I:154H:165H:169R:170T	66.66666666666667	6	1.6323333333333352	0
148K:152I:154H:165H:170T	60.0	5	1.8043333333333358	0
148R:152I:154H:164I:165H:169R	66.66666666666667	6	1.7530000000000012	0
148R:152I:154H:165H	75.0	4	1.5360000000000014	0
148R:152I:154H:165H:168S:169R	66.66666666666667	6	1.6183333333333347	0
148R:152I:154H:165H:169R	80.0	5	1.6090000000000007	0
148R:152I:154H:165H:169R:170S	66.66666666666667	6	1.6966666666666665	0
148R:152I:154H:165H:169R:170T	66.66666666666667	6	1.6926666666666677	0
148R:152I:154H:165H:170S	60.0	5	1.852666666666669	0
148R:152I:154H:165H:170T	60.0	5	1.6063333333333354	1
151M:152I:154H:165D:169G:170T	83.33333333333333	6	2.086333333333336	1
152I:154H:164I:165H:169R:170T	66.66666666666667	6	1.7406666666666684	0
152I:154H:164M:165H:169R:170T	66.66666666666667	6	1.513666666666668	0
152I:154H:165D	100.0	3	1.7406666666666684	0
152I:154H:165H:168S:169R	80.0	5	1.8416666666666675	0
152I:154H:165H:168S:169R:170S	66.66666666666667	6	1.3923333333333345	1
152I:154H:165H:168S:169R:170T	66.66666666666667	6	1.9066666666666674	1
152I:154H:165H:169R:170T	80.0	5	1.740000000000002	0
152I:154H:165H:170T	75.0	4	1.7376666666666682	0
152I:154H:165Q	100.0	3	2.0420000000000016	0
152I:154H:165Q:169R:170T	80.0	5	1.6323333333333352	0
181C:183N:201K:202A:203S:204I:206L:207T:209K	66.66666666666667	9	1.7123333333333346	0
181C:183N:201K:202A:203S:204I:206L:207T:209K:211E	70.0	10	1.4886666666666684	0
181C:183N:201K:202A:203S:204I:206L:209K:211E	66.66666666666667	9	1.696666666666669	0
181C:183N:201K:202A:203S:205T:206L:207T:209K:211E	70.0	10	1.5450000000000017	0
181C:183N:201K:202A:203S:205T:206L:209K:211E	66.66666666666667	9	2.0326666666666675	0
181C:183N:201K:202A:203S:206L:207T:208E:209K	66.66666666666667	9	0.9253333333333345	0
181C:183N:201K:202A:203S:206L:207T:208E:209K:211E	70.0	10	1.3743333333333339	0
181C:183N:201K:202A:203S:206L:207T:209K	75.0	8	1.3106666666666675	1
181C:183N:201K:202A:203S:206L:207T:209K:210D:211E	70.0	10	0.7293333333333354	0
181C:183N:201K:202A:203S:206L:207T:209K:211E	77.77777777777777	9	1.3313333333333346	0
181C:183N:201K:202A:203S:206L:208E:209K:211E	66.66666666666667	9	0.956000000000002	1
181C:183N:201K:202A:203S:206L:209K:210D:211E	66.66666666666667	9	0.7383333333333333	1
181C:183N:201K:202A:203S:206L:209K:211E	75.0	8	0.5366666666666688	1
181C:183N:201K:202A:203S:206S:207T:209K:211E	77.77777777777777	9	1.2126666666666686	1
181C:183N:202A:203S:204I:206L:207T:209K:211E	66.66666666666667	9	0.7030000000000005	1
181C:183N:202A:203S:205T:206L:207T:209K:211E	66.66666666666667	9	1.1593333333333349	1
181C:183N:202A:203S:206L:207T:208E:209K:211E	66.66666666666667	9	0.7423333333333346	1
181C:183N:202A:203S:206L:207T:209K:210D:211E	66.66666666666667	9	1.1526666666666672	1
181C:183N:202A:203S:206L:207T:209K:211E	75.0	8	1.3743333333333339	1
181C:183T:201K:202A:203S:204I:206L:208E:209K:211E	60.0	10	0.974999999999999	1
181C:183T:201K:202A:203S:204I:206L:209K:211E	66.66666666666667	9	1.6443333333333332	0
181C:183T:201K:202A:203S:206L:208E:209K:211E	66.66666666666667	9	1.858666666666668	0
181C:183T:201K:202A:203S:206L:209K:211E	75.0	8	1.6773333333333345	0
181H:183N:201K:202A:203S:204I:206L:209K:211E	66.66666666666667	9	1.6816666666666684	0
181H:183N:201K:202A:203S:205T:206L:209K:211E	66.66666666666667	9	1.683000000000001	1
181H:183N:201K:202A:203S:206L:208E:209K:211E	66.66666666666667	9	1.7673333333333343	1
181H:183N:201K:202A:203S:206L:209K:211E	75.0	8	1.6866666666666685	0
181H:183N:201K:202A:203S:209K:211E	85.71428571428571	7	1.7700000000000007	0
66F:67P:86D:87V	75.0	4	1.7116666666666684	0
66F:67P:86F:87V	75.0	4	1.9283333333333357	0
66F:67P:86L:87V	75.0	4	2.0100000000000016	0
66F:67P:86V:87V	75.0	4	1.8526666666666678	0
66F:67P:86Y:87V	75.0	4	0.9063333333333325	0
66H:67N:86F:87V	75.0	4	1.0246666666666684	0
66H:67N:86L:87V	75.0	4	1.3190000000000004	0
66H:67N:86V:87V	75.0	4	1.0723333333333342	0
66H:67N:86Y:87V	75.0	4	0.7700000000000007	1
66H:67P:86D:87V	75.0	4	1.1330000000000005	1
66H:67P:86F:87V	75.0	4	1.227333333333334	1
66H:67P:86L:87V	75.0	4	0.7356666666666669	0
66H:67P:86V:87V	75.0	4	1.0803333333333343	0
66H:67P:86Y:87V	75.0	4	0.9563333333333357	1
66L:67P:86D:87V	75.0	4	1.2136666666666684	1
66L:67P:86F:87V	75.0	4	1.0366666666666675	1
66L:67P:86L:87V	75.0	4	1.608666666666667	1
66L:67P:86V:87V	75.0	4	0.965000000000001	1
66N:67N:73G:86D:87V	60.0	5	1.141666666666667	1
66N:67N:86D:87V	75.0	4	1.3260000000000005	1
66N:67N:86D:87V:92S	60.0	5	1.4176666666666677	1
66N:67N:86F:87V	75.0	4	1.2969999999999993	1
66N:67N:86L:87V	75.0	4	0.7773333333333348	1
66N:67N:86V:87V	75.0	4	1.2866666666666666	1
66N:67N:86Y:87V	75.0	4	1.573333333333333	0
66N:67P:86D:87V	75.0	4	1.539333333333334	0
66N:67P:86F:87V	75.0	4	1.6170000000000009	0
66N:67P:86L:87V	75.0	4	1.1413333333333333	0
66N:67P:86V:87V	75.0	4	1.940333333333334	0
66N:67P:86Y:87V	75.0	4	1.7440000000000009	0
66N:67T:73G:86F:87V	60.0	5	1.8436666666666675	0
66N:67T:86F:87V	75.0	4	0.6859999999999999	0
66N:67T:86F:87V:92S	60.0	5	0.9770000000000014	1
66Y:67N:86F:87V	75.0	4	1.3343333333333347	1
66Y:67N:86L:87V	75.0	4	1.064333333333336	0
66Y:67N:86V:87V	75.0	4	1.0583333333333336	1
66Y:67N:86Y:87V	75.0	4	1.5183333333333344	0
66Y:67P:86D:87V	75.0	4	1.188000000000001	0
66Y:67P:86F:87V	75.0	4	1.2240000000000002	1
66Y:67P:86L:87V	75.0	4	1.1053333333333355	0
66Y:67P:86V:87V	75.0	4	1.3826666666666676	0
66Y:67P:86Y:87V	75.0	4	0.8426666666666662	1
66Y:67T:73G:86F:87V	60.0	5	1.3313333333333346	1
66Y:67T:73G:86V:87V	60.0	5	0.6416666666666682	1
66Y:67T:86F:87V	75.0	4	1.3833333333333329	1
66Y:67T:86F:87V:92S	60.0	5	1.9170000000000016	0
66Y:67T:86V:87V	75.0	4	2.041333333333334	0
66Y:67T:86V:87V:92S	60.0	5	1.3353333333333333	1
67P:73G:86D:87V	75.0	4	1.8063333333333347	1
67P:73G:86F:87V	75.0	4	1.7586666666666677	0
67P:73G:86L:87V	75.0	4	1.7640000000000018	0
67P:86D:87V:92S	75.0	4	1.4786666666666668	0
67P:86D:87V:93A	75.0	4	1.4730000000000012	0
67P:86D:87V:93I	75.0	4	1.3940000000000006	0
67P:86D:87V:93L	75.0	4	1.728666666666668	1
67P:86D:87V:93S	75.0	4	1.6566666666666687	0
67P:86F:87V:92S	75.0	4	1.8030000000000008	0
67P:86F:87V:93I	75.0	4	1.5643333333333338	0
67P:86F:87V:93L	75.0	4	1.054000000000002	0
67P:86F:87V:93S	75.0	4	0.7496666666666651	0
67P:86L:87V:92S	75.0	4	1.1980000000000004	0
67P:86L:87V:93A	75.0	4	1.0083333333333342	1
67P:86L:87V:93I	75.0	4	1.287333333333335	1
67P:86L:87V:93L	75.0	4	1.1070000000000007	1
67P:86L:87V:93S	75.0	4	0.6186666666666671	1
67P:86L:87V:93V	75.0	4	1.2866666666666666	1
67P:86V:87V:92S	75.0	4	1.3800000000000003	1
67P:86V:87V:93I	75.0	4	1.5120000000000005	1
67P:86V:87V:93L	75.0	4	1.3826666666666676	1
67P:86V:87V:93S	75.0	4	1.3826666666666676	1
67P:86Y:87V:92S	75.0	4	1.5603333333333336	1
67P:86Y:87V:93L	75.0	4	1.0766666666666667	1
67P:86Y:87V:93S	75.0	4	0.938333333333335	1
96S:117Y:119P:121Y:122C	80.0	5	1.1390000000000007	1
96S:117Y:119P:122C	75.0	4	1.4820000000000007	0
96S:119P:121Y:122C	75.0	4	1.9130000000000014	1
98L:105H:117Y:119P:122C	80.0	5	1.290666666666668	0
98L:105H:119P:121Y:122C	80.0	5	1.6676666666666666	1
98L:105N:117Y:119P:121Y:122C	83.33333333333333	6	2.021000000000001	1
98L:105N:119P:121Y:122C	80.0	5	1.717333333333335	0
98L:99S:117Y:119P	75.0	4	2.0773333333333355	0
98L:99S:119P:121Y	75.0	4	1.4623333333333348	0
98L:99S:119P:121Y:122C	80.0	5	1.9390000000000025	0
98L:99T:117Y:119P:121Y	80.0	5	1.645000000000002	0
98L:99T:117Y:119P:121Y:122C	83.33333333333333	6	1.998	0
98L:99T:119P:121Y	75.0	4	1.2933333333333343	0
98L:99T:119P:121Y:122C	80.0	5	1.5223333333333333	0
