mutList	ddG_fold	ddG_foldOpt	ddG_bind	fitness	originSet	segment	ifSuperset
66F:67N:86L:87V:92S:93A	59.33	58.89	59.09	0.09625130428410003	66F:67N:86L:87V:92S	7	1
66F:67N:86L:87V:92S:93V	42.65	43.42	42.1	0.823929615237	66F:67N:86L:87V:92S	7	1
66F:67N:86L:87V:92S:93S	68.99	68.9	68.86	0.0	66F:67N:86L:87V:92S	7	1
66F:67N:73A:86L:87V:92S:93A	44.83	43.0	44.23	0.926210868961	66F:67N:86L:87V:92S	7	1
66F:67N:86L	35.71	35.57	35.64	0.785089316266	66F:67N:86L:87V:92S	7	0
67N:73A	-3.73	-3.71	-3.83	0.966167916427	66Y:67N:73A:86L	7	0
66Y:67N:73A:86L:87V:92S	42.3	43.59	42.2	0.0	66Y:67N:73A:86L	7	1
66F:67N:86L:87V:92S:93L	66.36	62.27	66.34	0.0	66F:67N:86L:87V:92S	7	1
66F:67N:86L:87V:92S:93I	50.97	50.06	50.8	0.6870514276199999	66F:67N:86L:87V:92S	7	1
66F:87V	33.26	33.37	33.2	1.02611568696	66F:67N:86L:87V:92S	7	0
87V:92S	13.55	12.58	13.5	0.959690855849	66F:67N:86L:87V:92S	7	0
66Y:67N:73A:86L:92S:93A	49.9	48.75	50.07	0.0	66Y:67N:73A:86L	7	1
66Y:67N:73A:86L:92S:93L	53.97	52.87	54.14	0.0	66Y:67N:73A:86L	7	1
66Y:67N:73A:86L:92S:93I	45.56	42.84	45.32	0.0	66Y:67N:73A:86L	7	1
66Y:67N:73A:86L:92S:93V	34.42	35.42	34.46	0.366017034811	66Y:67N:73A:86L	7	1
66Y:67N:73A:86L:92S:93S	59.38	62.38	59.4	0.0	66Y:67N:73A:86L	7	1
67N:86L:87V:92S	21.44	20.56	21.37	1.01784822721	66F:67N:86L:87V:92S	7	0
73A:86L	-20.29	-19.74	-19.96	0.989785754918	66Y:67N:73A:86L	7	0
87V	2.14	2.08	2.08	1.00398418213	66F:67N:86L:87V:92S	7	0
66Y:73A:86L	18.68	20.09	18.05	0.631646018948	66Y:67N:73A:86L	7	0
66Y:73A	20.69	21.84	22.24	0.910915906768	66Y:67N:73A:86L	7	0
67N:92S	23.94	22.84	23.88	0.969419466274	66F:67N:86L:87V:92S	7	0
86L:87V:92S	9.33	8.58	9.28	1.00485541383	66F:67N:86L:87V:92S	7	0
66F:67N:73C:86L:87V:92S:93A	38.74	39.02	38.89	0.34552451978	66F:67N:86L:87V:92S	7	1
66F:67N:73C:86L:87V:92S:93V	22.42	21.58	27.76	0.850678270542	66F:67N:86L:87V:92S	7	1
66F:87V:92S	44.59	43.71	44.51	0.728540709609	66F:67N:86L:87V:92S	7	0
66Y:67N:73A:86L:87V:93L	50.41	47.46	50.05	0.0	66Y:67N:73A:86L	7	1
66Y:67N:73A:86L:87V:93V	26.33	25.93	23.61	0.998485184015	66Y:67N:73A:86L	7	1
66Y:67N:73A:86L:87V:92S:93S	63.0	60.12	56.43	0.0	66Y:67N:73A:86L	7	1
66Y:67N:73A:86L:87V:92S:93V	37.84	35.72	30.5	0.4519047689399999	66Y:67N:73A:86L	7	1
66Y:67N:73A:86L:87V:92S:93A	50.86	48.49	50.53	0.0	66Y:67N:73A:86L	7	1
66Y:67N:73A:86L:87V:92S:93L	60.79	60.51	60.51	0.0	66Y:67N:73A:86L	7	1
67N:86L	8.4	8.44	8.4	0.992753906441	66Y:67N:73A:86L	7	0
67N:86L	8.4	8.44	8.4	0.992753906441	66F:67N:86L:87V:92S	7	0
66F:86L:92S	39.57	39.2	39.53	0.15064548644099998	66F:67N:86L:87V:92S	7	0
66Y:86L	33.45	35.67	34.33	0.0	66Y:67N:73A:86L	7	0
66F:67N:73G:86L:87V:92S:93L	66.0	65.15	65.85	0.0	66F:67N:86L:87V:92S	7	1
66F:67N:73G:86L:87V:92S:93A	61.67	60.21	61.29	0.0	66F:67N:86L:87V:92S	7	1
67N:87V:92S	25.64	24.47	25.58	0.96348361335	66F:67N:86L:87V:92S	7	0
66F:67N:73C:86L:87V:92S:93L	45.58	46.25	45.78	0.0	66F:67N:86L:87V:92S	7	1
66F:67N:73C:86L:87V:92S:93I	31.0	32.4	30.93	0.6758945201450001	66F:67N:86L:87V:92S	7	1
66F:67N:73C:86L:87V:92S:93S	49.02	48.43	48.97	0.0	66F:67N:86L:87V:92S	7	1
66Y:67N:73A:86L:93S	50.45	48.8	54.91	0.0	66Y:67N:73A:86L	7	1
66Y:67N:73A:86L:93V	22.78	23.53	17.54	0.929383413154	66Y:67N:73A:86L	7	1
66Y:67N:73A:86L:92S	42.58	40.95	42.45	0.0	66Y:67N:73A:86L	7	1
66F:67N:73G:86L:87V:92S:93I	53.47	53.63	53.32	0.0	66F:67N:86L:87V:92S	7	1
66F:67N:73G:86L:87V:92S:93S	70.61	69.89	70.62	0.0	66F:67N:86L:87V:92S	7	1
66F:67N:73G:86L:87V:92S:93V	44.94	44.14	40.63	0.32680163894	66F:67N:86L:87V:92S	7	1
66Y:67N	47.82	48.88	47.77	0.0	66Y:67N:73A:86L	7	0
66F	31.36	31.15	30.82	0.996397537798	66F:67N:86L:87V:92S	7	0
66F:67N:73G:86L:87V:92S	51.55	51.15	51.48	0.0	66F:67N:86L:87V:92S	7	1
66Y:67N:86L	45.13	44.01	45.09	0.0	66Y:67N:73A:86L	7	0
67N:73A:86L	-7.22	-8.48	-7.23	0.992206702583	66Y:67N:73A:86L	7	0
66Y	37.75	38.11	38.28	0.127959754931	66Y:67N:73A:86L	7	0
66F:67N	39.38	39.21	39.33	0.966273046808	66F:67N:86L:87V:92S	7	0
66F:67N:73A:86L:87V:92S:93V	25.69	26.82	20.91	1.02102546681	66F:67N:86L:87V:92S	7	1
66F:67N:73A:86L:87V:92S:93L	50.34	48.21	50.39	0.353716033711	66F:67N:86L:87V:92S	7	1
66Y:67N:73A:86L:87V:93A	42.0	39.97	41.4	0.738416409058	66Y:67N:73A:86L	7	1
67N:86L:87V	9.87	9.71	9.82	0.989832922164	66F:67N:86L:87V:92S	7	0
66F:67N:73A:86L:87V:92S	32.5	33.32	32.4	0.8044563431739999	66F:67N:86L:87V:92S	7	1
66F:67N:87V	41.84	40.93	41.72	1.03430918622	66F:67N:86L:87V:92S	7	0
66Y:67N:73A	34.71	33.16	34.35	0.711215416597	66Y:67N:73A:86L	7	0
86L:92S	8.14	8.12	8.15	0.985956622543	66F:67N:86L:87V:92S	7	0
92S	11.79	11.36	11.79	0.982641133491	66F:67N:86L:87V:92S	7	0
66F:86L	27.65	28.02	26.9	0.972638285394	66F:67N:86L:87V:92S	7	0
66Y:67N:73A:86L:87V	32.45	30.42	31.97	0.4399175641350001	66Y:67N:73A:86L	7	1
66F:67N:86L:87V	37.56	37.07	37.45	0.881474358504	66F:67N:86L:87V:92S	7	0
86L	-3.69	-3.7	-3.68	0.98695319716	66Y:67N:73A:86L	7	0
86L	-3.69	-3.7	-3.68	0.98695319716	66F:67N:86L:87V:92S	7	0
67N:86L:92S	20.3	19.62	20.26	0.99947445597	66F:67N:86L:87V:92S	7	0
67N:87V	14.24	12.84	14.15	1.04982066339	66F:67N:86L:87V:92S	7	0
66F:86L:87V:92S	40.42	39.59	40.36	0.5454118013629999	66F:67N:86L:87V:92S	7	0
66F:86L:87V	29.65	29.33	29.6	1.001130148	66F:67N:86L:87V:92S	7	0
66F:67N:92S	51.61	51.93	51.54	0.289927716582	66F:67N:86L:87V:92S	7	0
66F:92S	43.09	44.5	43.05	0.665981470989	66F:67N:86L:87V:92S	7	0
66Y:67N:73A:86L:87V:92S:93I	43.98	44.97	39.18	0.205115874248	66Y:67N:73A:86L	7	1
66F:67N:73C:86L:87V:92S	29.7	30.06	29.58	0.0	66F:67N:86L:87V:92S	7	1
66F:67N:73A:86L:87V:92S:93S	53.36	52.69	53.05	0.415641231656	66F:67N:86L:87V:92S	7	1
66F:67N:73A:86L:87V:92S:93I	35.4	35.06	35.29	0.910375946464	66F:67N:86L:87V:92S	7	1
66Y:67N:73A:86L:93I	30.99	30.96	34.91	0.720512549994	66Y:67N:73A:86L	7	1
66Y:67N:73A:86L:93L	47.63	48.06	47.69	0.0	66Y:67N:73A:86L	7	1
66Y:67N:73A:86L:93A	39.21	46.56	39.19	0.555667007549	66Y:67N:73A:86L	7	1
66F:67N:86L:92S	47.66	48.81	47.59	0.0	66F:67N:86L:87V:92S	7	0
67N	12.11	12.23	12.08	0.965449921817	66Y:67N:73A:86L	7	0
67N	12.11	12.23	12.08	0.965449921817	66F:67N:86L:87V:92S	7	0
66Y:67N:73A:86L:87V:93I	33.26	32.09	32.73	0.804354695566	66Y:67N:73A:86L	7	1
66Y:67N:73A:86L:87V:93S	52.08	51.83	51.32	0.0	66Y:67N:73A:86L	7	1
73A	-17.27	-16.59	-15.98	1.01329431879	66Y:67N:73A:86L	7	0
