mut_list	ddG_fold	ddG_foldOpt	ddG_bind	if_activeSite	rescuability	dist_Scer
181C:202A:203S:204I:205T:206L:208E:209K:210D	25.69	26.41	24.09	0	0.4054351374859525	9
66Y:67T:73A:86F:92S	40.11	37.59	39.86	0	0.3940852241276364	5
181C:183N:202A:203S:204I:205T:206L:209K:210D	9.78	9.93	9.67	0	0.3695946996018387	9
96S:99T:105Q:117Y:122C	30.47	29.88	31.03	0	0.4643311026350764	5
172A:173V:177I:178N:195S:196F:200M	39.26	38.12	40.03	0	0.6191131819155454	7
171A:172G:173V:178N:196F:200T	34.86	35.87	34.87	0	0.5170181146041765	6
145I:151M:154E:164M:165D:170S	49.93	49.74	50.07	0	0.33623504285910194	6
141G:143I:144D:160V:163V	57.91	59.95	57.87	0	0.4251827583691583	5
137G:140F:141G:142F:143T:144N:161T	43.28	43.95	43.29	0	0.3969224435935	7
137G:139A:140F:141S:143T:163V	80.41	80.84	80.26	0	0.32630748499266005	6
137G:139A:140F:142F:144D:157S:160V:163I	45.16	43.96	45.11	0	0.5726339563932609	8
172T:175I:177I:178S:180I:195S:196F	68.58	66.05	68.14	0	0.78895281267525	7
181H:183T:202A:203S:204I:205T:206L:208E:209K	23.43	25.55	24.24	0	0.4678826894620001	9
137G:140F:141S:143T:160V:161T:163V	80.43	78.16	80.07	0	0.3894156851697528	7
106D:108V:115A:131S:135F	60.03	59.36	59.54	0	0.4367857062395244	5
181C:202A:203S:205T:206L:208E:209K:210D	38.08	38.85	39.05	0	0.4344001893694109	8
106D:108I:111F:114L:115T:131S:135F	54.34	51.99	53.74	0	0.4161807735039523	7
181C:183N:202A:203S:206L:209K	25.12	25.78	25.0	0	0.3384776150276113	6
172T:173V:178N:180T:196F:200L	38.57	39.69	38.19	0	0.5653616035385	6
172A:177I:180P:196F:200M	41.79	40.69	41.99	0	0.5363908911344737	5
181H:183N:202A:203S:204I:206L:208E:209K:210D	32.18	35.81	33.74	0	0.4203505258410645	9
181C:183N:201K:202A:203S:206L:209K	28.23	27.18	27.79	0	0.357642576732618	7
137D:139A:140F:142F:143I:144N	22.98	22.42	21.08	0	0.6106041721151819	6
181H:201K:202A:203S:204I:205T:206L:209K:211E	20.23	20.03	20.27	0	0.4379556254961163	9
145I:148K:151M:152I:154E:165D:168S:170S	66.7	68.32	68.37	0	0.34026240711466665	8
172A:178S:180P:195S	60.01	61.36	60.64	0	0.6122222445867347	4
96S:97A:99S:105Q:117Y:119H:122C	25.72	25.52	24.85	0	0.4942248778494117	7
140F:141G:143I:161T:163I	61.97	61.24	61.91	0	0.3388121139621573	5
139A:141S:142F:143I:163I	74.21	75.46	74.22	0	0.6512208800178894	5
181C:183T:202A:203S:206L:208E:209K:211E	41.13	38.18	39.65	0	0.4245297472750485	8
181C:183T:202A:203S:208E:209K	44.81	43.38	45.36	0	0.5287868243653483	6
145I:147F:148K:154H:165D:168S	77.07	75.66	76.34	0	0.3857119263109216	6
181C:201K:202A:203S:204I:205T:206L:207T:209K	1.42	-2.8	-0.15	0	0.4928050671947442	9
181C:183N:201K:202A:203S:204I:206L:208E:211E	27.97	29.6	27.96	0	0.3599044584031291	9
181H:201K:202A:203S:204I:206L:209K:211E	27.84	28.22	27.84	0	0.4694674738452584	8
181C:183N:202A:203S:204I:206S:208E:209K	39.37	38.8	39.7	0	0.4063730884024152	8
137D:139A:141S:143I:157S:160V:163V	55.58	55.68	55.86	0	0.4210134448899231	7
141C:142F:143T:157T:161T:163V	41.08	38.67	41.15	0	0.461064122929516	6
141C:142F:143T:157T:161T:163I	45.85	44.31	45.89	0	0.3412260307117781	6
137S:139A:140F:142F:143I:157S:160V:163V	46.2	54.41	47.61	0	0.4780765138858281	8
181H:202A:203S:204I:205T:206L:207T:208E:209K:211E	10.96	6.96	10.86	0	0.4820319763405999	10
181H:183N:202A:203S:206L:209K	29.02	29.88	28.4	0	0.4373581167295813	6
142F:143A:157T:160V	25.65	26.41	25.58	0	0.41529105362172974	4
96T:98L:99S:104L:105H:119H:122C	41.75	42.64	43.37	0	0.4283956026353479	7
181H:183N:202A:203S:204I:206S:208E:209K:211E	47.42	48.25	47.22	0	0.5362380097073464	9
181H:183N:202A:203S:205T:206S:208E:209K	52.43	51.36	51.16	0	0.5714993182561063	8
181Y:183T:202A:203S:205T:206L:208E:209K:211E	30.8	29.26	30.71	0	0.7102967697711334	9
139A:141G:142F:143I:157S:163V	69.82	71.38	69.87	0	0.3685200416307911	6
181C:202A:203S:206L:209K:211E	32.34	31.09	31.96	0	0.3937058958318584	6
181C:183N:201K:202A:203S:204I:206L:209K:210D	19.5	19.33	19.43	0	0.3883274212034839	9
181C:183T:201K:202A:203S:204I:206L:208E:209K	26.81	28.4	25.4	0	0.43596374048923214	9
140F:141G:142F:143I:157S:160V:161T:163I	50.37	52.58	50.35	0	0.3839643785855556	8
139A:140F:142F:161T:163I	56.1	54.72	55.48	0	0.3208640766463661	5
172T:177I:178S:180P:195S:200L	60.57	60.08	60.15	0	0.3635413415722728	6
106D:108I:112T:115T:131S:135F	66.97	65.74	66.94	0	0.4186241006795968	6
181C:183N:202A:203S:205T:206L:208E	28.19	26.95	28.41	0	0.3687403388283825	7
181C:202A:203S:206L:208E:209K:210D:211E	48.53	47.52	48.65	0	0.40412884232081947	8
145I:147F:148R:152I:154E:164I:165D:168S	71.37	71.49	72.43	0	0.33536196735376195	8
181C:183N:201K:202A:203S:205T:206S:208E:209K	48.97	48.13	48.87	0	0.45250999656700003	9
141C:142F:144K:160V:161T:163V	43.58	44.05	43.61	0	0.3259404178952093	6
148R:151M:152I:154H:164M:165D:168S	57.86	58.22	58.17	0	0.32702637869136364	7
181H:183T:202A:203S:206S:208E:209K:211E	59.59	59.43	59.77	0	0.6295910594281271	8
137D:139A:144N	7.39	7.54	7.64	0	0.5400965492103303	3
172T:178G:195S:196F:200L	44.95	41.79	43.95	0	0.4818336447871305	5
181C:183N:202A:203S:206L:207T:208E:209K	23.47	24.71	24.09	0	0.40794272878826665	8
181C:183T:202A:203S:204I:205T:206L:209K:211E	5.62	7.18	5.61	0	0.4256949975686773	9
181C:183N:202A:203S:204I:205T:206S:209K	12.96	13.92	13.78	0	0.4731209620996818	8
181C:183N:201K:202A:203S:205T:206S:209K	28.84	27.29	29.57	0	0.44489136432969695	8
137G:141G:157S:160V:163I	46.7	43.29	47.05	0	0.5846094856268625	5
181C:183N:202A:203S:206L:208E:210D:211E	43.37	44.41	43.56	0	0.3945146528439895	8
145I:147F:148K:154Q:164I:165D:170S	66.43	66.15	67.73	0	0.33665193030145457	7
137G:142F:143A:144N:157S:163L	42.42	41.82	42.8	0	0.9460079266745	6
181C:201K:202A:203S:204I:205T:206L:208E:211E	24.28	22.84	24.3	0	0.44638669367235145	9
140F:141C:143T:157S:161T:163I	49.47	62.65	49.36	0	0.3255061543879546	6
141C:142F:143A:160V:163V	58.78	58.84	58.75	0	0.4638879037558215	5
139A:141C:142F:143A:160V:161T:163V	69.26	70.91	69.27	0	0.3790895843959077	7
181C:183T:202A:203S:204I:206L:208E:209K:211E	29.19	28.79	29.27	0	0.3873446024695806	9
141G:143I:160V:161T:163V	62.54	62.17	62.58	0	0.4488564723461255	5
172T:175I:178N:180I:195S:196F:200L	59.28	56.09	59.28	0	0.6880587144865883	7
181C:202A:203S:204I:206L:207T:209K	2.77	3.47	2.58	0	0.450385253512318	7
181C:183T:202A:203S:205T:206L:208E:209K:211E	33.38	32.8	33.56	0	0.4331797822142999	9
140F:141C:142F:143I:144K:160V:163V	48.16	49.72	49.54	0	0.3645918442546428	7
106N:108V:110P:111F:112T:135F	38.16	37.99	38.07	0	0.4352392829851304	6
140F:141C:142F:143A:161T:163I	66.94	64.66	65.92	0	0.4355345350554217	6
137G:142F:143A:161T:163V	64.0	65.11	64.49	0	0.4776821038436697	5
181C:201K:202A:203S:206S:207T:208E:209K	37.14	37.96	37.16	0	0.6465390886158364	8
139A:141C:143I:157T:160V:163V	23.75	22.59	23.7	0	0.6454970591532458	6
172G:177I:178N:180T:195S:196F	55.62	55.05	55.63	0	0.5412576421210675	6
8F:9N:11N:20S:23I:24E	52.85	52.25	52.83	0	0.3371194442774688	6
140F:141G:142F:143I:161T:163V	67.13	65.14	67.06	0	0.44277788800621615	6
181C:183T:201K:202A:203S:204I:205T:206L:209K:211E	4.62	9.82	4.53	0	0.4537604522136667	10
137S:141C:143I:161T:163I	42.47	40.0	42.84	0	0.5521011651240877	5
139A:140F:141C:142F:143I:160V:163V	57.19	59.83	58.65	0	0.591997933432875	7
141S:143I:144K:157T:163I	41.9	37.99	41.91	0	0.5962563469317317	5
139A:141C:143T:160V:161T:163V	64.12	63.09	64.12	0	0.33027573554423884	6
172T:173V:177I:178S:180I:195S	38.92	40.44	39.25	0	0.6921561156371192	6
181C:183T:201K:202A:203S:206L:208E:209K:211E	44.04	44.39	43.85	0	0.3990153337006128	9
147F:164I:170G	28.91	27.68	30.47	0	0.6083817340416037	3
140F:141C:142F:143A:160V:163V	60.59	62.63	61.92	0	0.4610043690391501	6
145I:147F:148K:151M:154E:164M:165D	41.84	42.6	42.87	0	0.48007605991035	7
181H:183N:202A:203S:204I:206L:208E:209K	33.04	30.81	33.48	0	0.3389171371564444	8
171A:172T:178N:180T:195S:196F:200L	28.26	33.85	29.27	0	0.41145680367575	7
9N:11D:19V:20S	34.88	34.47	34.89	0	0.8020001801490443	4
66Y:67N:73A:86D:92S	45.4	43.82	45.16	0	0.3439918430007273	5
137G:139A:140F:141S:142F:143T:160V:163V	92.7	92.87	92.55	0	0.4000529905796428	8
148R:152I:154H:165H:168S:169R:170S	74.1	69.68	74.99	0	0.4702164636978571	7
181C:183N:202A:203S:206L:207T:208E:209K:211E	25.0	22.43	24.82	0	0.4046782653592501	9
172A:177I:178N:180P:195S:200L	49.94	52.38	50.94	0	0.3910384888243459	6
139A:140F:142F:143I:157T:161T:163V	38.69	48.5	38.56	0	0.6186889663096949	7
181H:183N:201K:202A:203S:204I:205T:206L:209K:211E	13.77	13.3	13.76	0	0.3962893516712	10
106N:108V:111I:115A:131S:135F	56.95	57.14	57.23	0	0.4983305802120606	6
96S:99S:105N:117Y:119H	40.44	39.79	39.62	0	0.32883243884226315	5
181H:183N:202A:203S:204I:205T:206L:209K:211E	14.34	14.0	14.52	0	0.35846795212312904	9
171A:172A:173V:180P:196F	41.39	42.9	41.71	0	0.5051388901958571	5
172T:178S:180T:195S:196F:198I	53.71	55.32	53.83	0	0.3797866426267272	6
106N:108I:111F:114L:115A:131S:135F	48.56	48.76	48.31	0	0.34629523550977265	7
141C:142F:143T:157S:160V:163V	56.82	52.74	56.77	0	0.4576939950231551	6
137S:139A:141C:144N:157S:160V:163L	21.31	21.61	21.31	0	0.9993816602742944	7
106D:108I:111I:114L:115A:131S:135F	61.58	56.57	61.6	0	0.3591015335255524	7
139A:141G:142F:143I:160V:161T:163V	73.01	71.72	73.06	0	0.3737404126564219	7
181H:183N:202A:203S:204I:206L:207T:209K:211E	12.51	14.44	12.7	0	0.4687251566136774	9
181H:202A:203S:204I:205T:206S:209K:210D	28.13	27.27	28.76	0	0.74951193114744	8
181H:202A:203S:204I:206L:207T:208E:209K:211E	20.65	20.96	20.56	0	0.3950772692848837	9
172A:173V:175M:178N:180T:196F	46.37	46.18	46.38	0	0.8143003441491251	6
172A:178S:196F:200T	37.1	40.9	37.19	0	0.3993885659232181	4
137G:139A:141S:143T:160V:163V	79.29	81.55	79.69	0	0.3375053338741077	6
181H:183T:202A:203S:204I:205T:206L:208E:209K:211E	30.13	27.26	29.83	0	0.4213663337224666	10
172T:177I:180T:195S	42.05	42.45	42.42	0	0.4387322801279773	4
137G:139A:140F:142F:143A:144D:163V	65.16	65.59	65.01	0	0.4222305843346666	7
181C:202A:203S:204I:206L:207T:211E	11.46	11.99	11.48	0	0.5058636539166927	7
181H:183N:201K:202A:203S:204I:206L:208E:209K	32.03	31.19	32.03	0	0.3889746631702258	9
181C:183N:202A:203S:204I:205T:206L:208E	15.77	16.86	16.59	0	0.34223243464822845	8
172T:173V:177I:178N:180T:196F:200L	34.05	34.53	33.85	0	0.5479232740062308	7
181H:183T:201K:202A:203S:204I:206L:209K:211E	22.08	18.96	21.87	0	0.558768855494871	9
108V:110D:111F:112K:115T:135F	45.6	45.71	45.38	0	0.4047633874923333	6
96T:97A:98L:99S:104L:105N:117Y	34.66	36.29	36.53	0	0.5162470668468491	7
181C:183N:202A:203S:204I:205T:206L:207T:209K:210D	4.87	0.36	5.1	0	0.4393140836798667	10
172A:173V:177I:178N:195S:196F	46.74	46.52	45.66	0	0.5114422302863341	6
181C:183N:201K:202A:203S:206L:207T:209K:211E	22.74	19.53	22.83	0	0.4500789517298929	9
147F:148K:151M:152I:154E:164M:165D:168S	61.11	58.67	60.84	0	0.3837400186669232	8
96T:99S:102K:104L:105N:117Y:121Y	48.09	48.47	48.06	0	0.4086655510387308	7
145I:148R:151M:154H:165D:168S	55.15	55.32	56.19	0	0.35411014787550565	6
137D:141C:143T:160V:161T:163V	57.6	62.19	58.25	0	0.3548321874609605	6
139A:141C:142F:143A:144N:157T:163V	44.18	35.62	44.21	0	0.36279434967842106	7
181C:183N:189A:202A:203S:204I:206L:208E:209K:211E	17.69	16.96	17.7	0	0.4917048035349333	10
96S:98L:99T:102K:105Q:117Y:122C	30.78	30.21	30.2	0	0.3539286143785172	7
98L:102L:105N:117Y:119H:120A:121Y	2.58	3.19	3.77	0	0.7212519711916	7
30T:32Q:34T:42D:45T:47V	30.52	32.51	30.51	0	1.0218662391846	6
181H:202A:203S:204I:205T:206L:209K:211E	19.04	17.73	19.03	0	0.3968223407896117	8
66F:67N:86V:92S	50.24	48.54	50.19	0	0.3545307852383277	4
148K:151M:154H:164I:165D:168S	59.55	59.21	60.36	0	0.40141861816331215	6
137D:140F:141G:143I:144N:161T:163I	60.68	60.37	60.61	0	0.5152014127377778	7
106N:108M:111F:112T:115A:131S:135F	50.9	45.86	50.3	0	0.3829765098723889	7
106N:108I:111F:112T:115T:131S:135F	56.95	54.41	56.35	0	0.3937967217619083	7
181C:183N:202A:203S:205T:206S:209K:211E	31.57	30.15	30.63	0	0.4020774773229131	8
181C:201K:202A:203S:206L:207T:209K	18.15	17.69	17.81	0	0.5185044129020497	7
137S:157S:160V:163V	29.38	24.65	29.66	0	0.334980658346314	4
137S:141C:142F:143I:157T:161T:163I	34.23	32.9	34.64	0	0.6433160424825334	7
96S:99T:105N:117Y:122C	33.63	35.78	32.35	0	0.3460775240316051	5
148K:152I:154H:165Q:168S:169R	45.98	45.7	47.48	0	0.3745012653943333	6
181C:202A:203S:204I:206L:208E:209K:211E	29.36	34.2	29.39	0	0.3236388159869634	8
106D:108I:111F:114L:115A:131S:135F	49.18	48.7	48.88	0	0.3757287419077062	7
181H:202A:203S:206S:208E:209K:210D:211E	69.06	69.38	68.95	0	0.6526449901460265	8
137G:139A:142F:143T:161T:163I	77.48	76.57	77.95	0	0.40069791570833707	6
145I:148R:152I:154E:164I:165D:168S	62.14	62.42	63.32	0	0.32313359816046666	7
181C:183T:201K:202A:203S:204I:206L:208E:209K:211E	31.97	32.16	31.96	0	0.43166255772413337	10
141G:143I:157T:160V:161T:163I	34.8	50.33	34.77	0	0.4055782144849374	6
181H:183N:201K:202A:203S:206L:208E:209K:210D:211E	52.49	55.14	52.41	0	0.4709186287427692	10
137S:141C:142F:143A:157S:161T:163V	51.79	53.94	52.24	0	0.34823080643042315	7
96T:98L:99T:102K:104L:105N:119H:122C	36.08	34.27	36.54	0	0.5485448732381818	8
172G:178N:180T:195S:196F:200L	46.97	51.21	47.97	0	0.6380748203961725	6
172A:175I:178N:196F:200T	52.8	52.31	52.88	0	0.4097655155832143	5
106D:108M:111I:114L:115A:131S:135F	57.21	54.36	56.31	0	0.4017959143376364	7
139A:140F:141C:142F:143A:144N:161T:163V	62.62	62.3	62.46	0	0.5196509751782857	8
181C:183N:189A:202A:204I:205T:206L:208E:209K:211E	-11.26	-8.36	-11.22	0	0.6103379224726666	10
172A:173V:178N:180I:195S:196F:198I	40.94	43.83	41.6	0	0.5931149454283	7
96S:99S:105H:117Y:119Y:121Y:122C	21.57	20.56	20.29	0	0.4392877238870895	7
139A:140F:141C:142F:143A:144N:161T:163I	65.84	65.4	65.73	0	0.3817179324842	8
181H:201K:202A:203S:206L:208E:209K	51.03	50.76	50.46	0	0.470836384425578	7
181C:183N:202A:203S:205T:206L:209K:210D	22.4	21.35	21.73	0	0.40293974917066105	8
137G:140F:141S:142F:143T:160V:161T:163V	92.54	89.24	91.0	0	0.4170474854584706	8
106D:108M:111I:114L:115T:131S:135F	59.76	53.75	59.52	0	0.3856058609174118	7
181H:202A:203S:204I:205T:206L:208E:209K	29.11	29.62	29.11	0	0.38933030006617975	8
181C:183T:201K:202A:203S:205T:206L:208E:209K:211E	35.37	36.33	35.38	0	0.4009590085898	10
181C:183N:201K:202A:203S:204I:206L	10.3	10.3	10.92	0	0.40033734936813387	7
181C:202A:203S:205T:206L:207T:208E:209K	19.82	17.74	19.83	0	0.4698218018145139	8
181H:183N:201K:202A:203S:206S:208E:211E	56.72	57.15	56.73	0	0.6068140331095625	8
66F:67T:73G:86D:92S	53.78	54.78	53.68	0	0.4965691555268182	5
96S:99T:102M:119H:121Y	11.28	11.99	11.58	0	0.7323361713675153	5
137D:141S:143A:144N:163L	57.74	57.97	58.31	0	0.41806509529997377	5
181C:183T:201K:202A:203S:204I:205T:206S:209K:211E	15.92	18.09	15.91	0	0.6823274321227856	10
181H:183T:202A:203S:204I:205T:206L:209K:211E	12.85	13.89	12.59	0	0.4178949750125807	9
181C:183N:201K:202A:203S:206L:207T:208E:209K	26.13	28.05	26.12	0	0.44688356553743336	9
140F:141G:143I:144D:161T:163V	55.11	57.41	56.55	0	0.4126216641294927	6
181C:202A:203S:204I:206L:208E:211E	33.89	29.13	33.88	0	0.4100784652137289	7
181C:201K:202A:203S:205T:206L:208E:209K	37.57	37.55	36.86	0	0.4005660880040267	8
66H:67N:73A:86D:92S	53.11	54.19	52.95	0	0.4009562655006364	5
96S:97A:98L:99T:102M:105Q:117Y:122C	9.39	10.54	8.9	0	0.5681207483056153	8
96S:99T:102K:105H:117Y:122C	32.07	32.76	31.24	0	0.33538336446576594	6
139A:140F:141C:143A:144D:157S:160V:163V	43.6	42.01	43.57	0	0.41136966178775	8
172A:173V:177I:178N:180T:195S	42.95	41.31	42.95	0	0.4864396005506389	6
145I:147F:148R:154Q:164I:168S	50.22	52.46	50.69	0	0.38229862523140457	6
181C:183N:202A:203S:205T:206L:211E	17.96	17.85	17.95	0	0.40312621367265217	7
172T:173V:178N:180I:195S:196F:200L	51.25	50.29	50.27	0	0.4798902381827778	7
172T:173V:178N:195S:196F:198L:200L	45.38	46.13	45.41	0	0.4603045152611906	7
172S:173V:177I:178N:195S:196F	51.78	52.18	52.03	0	0.6436386744896153	6
137G:141S:143T:160V:163V	73.35	76.22	73.67	0	0.400838589524798	5
148R:152I:154H:165H	32.89	33.76	34.1	0	0.6105984709564878	4
181C:183N:202A:203S:204I:206L:209K:210D	17.94	16.25	17.62	0	0.3657508133825556	8
106K:108I:111I:115E:131S	44.25	41.68	43.65	0	0.3721739277255333	5
137S:139A:140F:143I:161T:163I	52.01	52.35	51.8	0	0.5114745943179129	6
139A:140F:143I:144K:161T:163V	45.26	45.58	45.15	0	0.3997891512123892	6
145I:147F:152I:154E:164M:165D:168S	73.89	76.27	74.65	0	0.3298133037609067	7
181C:183N:201K:202A:203S:204I:205T:206L:209K:210D	11.61	12.57	10.17	0	0.3707291869234	10
181C:183T:202A:203S:204I:205T:206L:207T:209K:211E	-0.91	-1.98	-0.83	0	0.4844082881438666	10
96S:97A:99T:104L:105N:119H:120A:121Y	48.54	49.83	49.14	0	0.33495189664299996	8
106D:108V:110T:115T:131S:135F	50.21	53.52	50.96	0	0.33200568812076003	6
181H:183N:202A:203S:204I:206L:208E:209K:210D:211E	40.58	40.38	40.66	0	0.3841171787958	10
140F:141G:142F:143I:144K:160V:161T:163V	62.46	60.46	60.91	0	0.3290832253579091	8
181C:183N:202A:203S:204I:206L:208E	23.16	23.32	24.87	0	0.3386112897842913	7
106D:108I:111I:114L:115T:131S:135F	67.7	66.15	67.35	0	0.4762039807334349	7
137G:139A:140F:142F:143T:160V:161T:163V	79.11	82.12	80.47	0	0.4678327531558214	8
137S:139A:140F:141S:142F:143I:157S:163V	79.11	80.76	78.93	0	0.6523158227194167	8
137G:141S:142F:143T:161T:163V	83.63	83.57	84.12	0	0.4072249151380493	6
152I:154H:165H:168S:169R	52.54	52.42	54.05	0	0.4543931111005142	5
139A:141G:143T:144N:157S:161T:163L	63.93	61.65	64.0	0	0.3325147750464375	7
181H:201K:202A:203S:206L:209K	36.64	37.28	36.93	0	0.5281516334840561	6
152I:154H:165H:168S:169R:170T	62.85	63.38	64.46	0	0.3783395647264706	6
152I:154H:165H:168S:169R:170S	69.69	70.44	71.0	0	0.6593130656954883	6
137G:142F:143T:161T:163I	70.72	70.22	71.18	0	0.4502035744735535	5
141S:142F:143T:144D:163L	68.4	68.62	68.39	0	0.5637846590148959	5
181C:183N:202A:203S:204I:205T:206L:208E:209K:210D	24.83	22.38	24.9	0	0.3397448823429334	10
181H:202A:203S:204I:205T:206L:207T:209K:211E	6.96	8.63	6.98	0	0.4985962871497073	9
181H:183T:201K:202A:203S:206L:208E:209K	46.85	45.12	46.86	0	0.5346869915077301	8
141G:142F:143I:157S:160V:163I	53.01	53.99	52.97	0	0.3970392368813371	6
137S:140F:141S:142F:143I:161T:163V	70.91	68.47	70.9	0	0.7342158094702429	7
181C:183N:202A:203S:204I:206L:208E:209K:210D	30.65	31.85	31.85	0	0.3343519422191936	9
139A:140F:141G:143I:157S:160V:161T:163I	56.19	52.69	56.07	0	0.398181012173	8
139A:141C:142F:143T:157S:160V:163V	57.82	56.78	57.79	0	0.3340445445943092	7
147F:148K:154H:164M:165D:168S	73.14	73.56	73.88	0	0.3214213427743671	6
30P:32N:33D:34A:43H:45T:47L	48.61	48.76	48.77	0	0.6865986957222308	7
96T:98L:99S:104L:105N:119H:122C	47.54	48.72	47.89	0	0.3464201549364615	7
181C:183N:201K:202A:203S:206L:208E:209K:210D:211E	47.83	47.99	47.84	0	0.3624189577223846	10
106D:108I:111I:112T:115T:131S:135F	61.28	60.91	61.76	0	0.3803684584681364	7
181C:183N:201K:202A:203S:206L:209K:210D:211E	33.9	38.18	34.09	0	0.4018256867123929	9
145I:147F:151M:152I:154H:164M:165D:168S	71.18	75.41	72.4	0	0.34034343998300004	8
137D:144D:161T:163I	40.64	41.45	41.05	0	0.3614720926110036	4
96T:98L:99S:102K:104L:105H:121Y	39.83	39.26	38.27	0	0.44394327311071424	7
181C:183T:202A:203S:204I:206L:207T:208E:209K:211E	9.64	10.74	9.72	0	0.4813143828072667	10
181H:201K:202A:203S:204I:206L:211E	24.45	24.55	24.44	0	0.5577642933853039	7
172S:178S:180P:196F:198I	53.53	52.51	53.05	0	0.6483685704958125	5
147F:148R:151M:152I:154E:164I:165D:168S	60.18	59.57	62.68	0	0.3451777618667273	8
181H:183N:201K:202A:203S:205T:206L:208E:209K:211E	42.87	42.76	42.95	0	0.3682332390371539	10
137D:139A:141S:142F:143I:157S:160V:163I	63.1	57.24	63.38	0	0.4513928356500834	8
137D:139A:141S:142F:143I:157S:160V:163V	69.08	63.91	69.05	0	0.45011583623075	8
96T:99S:102K:104L:117Y:121Y:122C	47.84	47.77	47.87	0	0.3635025170163043	7
181C:183N:201K:202A:203S:204I:206S:209K:211E	26.76	27.21	26.8	0	0.4376997141858571	9
181H:183N:201K:202A:203S:206L:209K	31.11	33.08	29.63	0	0.4445870072767679	7
140F:141G:143I:144K:157S:160V:163V	47.16	53.23	47.15	0	0.3295607612433333	7
181C:202A:203S:204I:206L:209K	14.07	13.65	13.24	0	0.3871326785154103	6
96S:99S:105Q	40.08	38.45	39.31	0	0.3403365418599384	3
145I:152I:154E:164M:168S:169R:170G	61.72	62.25	60.2	0	0.5410308742797428	7
181H:201K:202A:203S:204I:205T:206L:209K	14.48	13.4	14.53	0	0.4774304509827583	8
181C:183T:201K:202A:203S:204I:205T:206L:209K	3.64	4.51	4.9	0	0.4688301739179032	9
181Y:183T:189A:201K:202A:206S:207T:208E	-0.97	1.46	-0.95	0	0.5523987700184037	8
147F:148K:151M:152I:154H:164I:165D:168S	66.93	66.33	67.46	0	0.38230822303909295	8
106D:108I:111F:115T:131S:135F	50.88	51.42	50.48	0	0.37244895154570495	6
181H:183N:201K:202A:203S:204I:205T:206S:208E:209K	39.11	41.33	41.21	0	0.6058281884946667	10
172T:178N:180I:195S:196F	43.59	41.83	42.6	0	0.4218020565147438	5
139A:140F:142F:143I:144K:160V:161T:163V	56.82	55.86	56.74	0	0.4296886130556541	8
181H:183T:201K:202A:203S:206L:208E:209K:211E	50.0	50.73	50.01	0	0.5126759925104194	9
137G:141G:142F:143A:157S:160V:163V	66.42	70.18	66.76	0	0.35560505510536844	7
181H:183T:202A:203S:205T:206S:208E:209K:211E	51.98	53.1	52.17	0	0.6669753527967095	9
181C:183N:202A:203S:204I:206L:208E:210D:211E	30.22	35.94	30.13	0	0.3708580898698517	9
181H:183N:202A:203S:204I:205T:206L:207T:208E:209K	8.72	8.25	8.86	0	0.47272264453199997	10
140F:141G:143I:144N:160V	30.88	28.5	29.05	0	0.7358675542387026	5
181C:201K:202A:203S:204I:206L:207T:211E	9.06	9.36	8.96	0	0.5330302710478411	8
181H:183T:202A:203S:205T:206L:208E:209K	39.66	37.46	38.17	0	0.4914797822421586	8
181C:183T:202A:203S:204I:206L:208E:209K	25.74	28.79	27.32	0	0.4052796770306224	8
139A:140F:141C:142F:143A:144D:161T:163V	64.42	66.3	65.83	0	0.352037580962625	8
181H:201K:202A:203S:204I:206L:207T:208E:209K	22.39	22.16	22.41	0	0.5867359521834	9
181C:201K:202A:203S:206L:208E:209K:210D	45.43	46.96	46.43	0	0.4421115628599747	8
137D:139A:140F:143I:157T:160V:161T:163V	28.61	29.83	29.95	0	0.4635737073423846	8
181C:183N:202A:203S:205T:206L:208E:209K:210D:211E	38.16	37.72	38.34	0	0.3255784867684167	10
96T:97A:104L:105N:119H:120A:122C	30.09	29.37	30.18	0	0.9189285125482856	7
96S:99T:102K:105Q:117Y:121Y:122C	26.34	26.3	26.08	0	0.35098211131225004	7
145I:151M:152I:154Q:165D:168S	49.1	49.58	50.35	0	0.3635448212099178	6
96S:99S:105N:117Y:119Y:120A:122C	38.2	37.33	38.34	0	0.39614121084860415	7
147F:148K:151M:152I:154Q:164M:165D:168S	57.32	59.18	57.01	0	0.3331288827645185	8
96T:98L:99S:104L:105N:117Y:119Y:122C	35.74	36.08	34.61	0	0.3983793264233684	8
145I:147F:148K:154E:165D:168S:170S	83.45	82.23	82.79	0	0.3422541208015517	7
106D:108I:115A:131S:135F	55.33	57.51	54.93	0	0.4602064263697594	5
140F:141G:143I:157S:160V:161T:163I	48.06	48.39	48.02	0	0.4177776416706668	7
97A:98L:102L:105N:119H:122C	-15.21	-18.44	-16.69	0	0.7496865841917094	6
145I:148R:154Q:164I:165D:168S:170G	73.48	71.09	73.66	0	0.56927832718408	7
181C:183N:201K:202A:203S:204I:205T:206L:208E	15.56	16.45	16.72	0	0.3229142963485485	9
106N:108I:111I:115A:131S:135F	51.44	51.76	51.22	0	0.4799539789170857	6
8I:9R:11N:21L:22C:23I:24N	17.86	18.11	17.86	0	0.9187033879246363	7
181C:183N:202A:203S:206L:209K:210D	29.82	31.76	30.48	0	0.3879273656142439	7
96T:98L:99T:104L:105N:117Y:119Y:122C	24.2	23.11	23.17	0	0.7360015211357499	8
181C:183N:202A:203S:206S:207T:208E:209K:211E	38.25	43.23	38.25	0	0.4580348817504117	9
181C:183N:201K:202A:203S:206L:207T:209K:210D:211E	26.4	27.89	26.43	0	0.5203388894781539	10
137S:139A:141C:143I:163I	49.59	50.18	49.64	0	0.5939855059365925	5
141C:142F:143A:144K:160V:163I	53.8	51.86	53.79	0	0.3295729110205555	6
96T:99S:102K:104L:105H:119H:122C	43.91	44.36	43.94	0	0.5197948511736364	7
172G:177I:178G:195S:196F	45.93	51.22	46.1	0	0.7053140136511363	5
96S:98L:99S:102M:105H:121Y:122C	29.56	28.73	28.39	0	0.3518036689898485	7
106N:108I:111I:114L:115T:131S:135F	67.15	64.42	66.6	0	0.4999662756740417	7
106D:108V:112T:115T:131S:135F	69.89	68.53	70.19	0	0.3260712988513944	6
137G:141S:143T:157T:161T:163I	56.53	57.48	56.97	0	0.3691375000888115	6
181C:183N:201K:202A:203S:206L:207T:209K	15.59	15.05	14.7	0	0.42982171326745006	8
181C:202A:203S:204I:206L:207T:208E:209K	12.36	11.79	13.06	0	0.43291195607178506	8
96S:99T:102K:117Y:121Y:122C	27.55	30.75	26.95	0	0.3236690593296552	6
172T:178S:180T:195S	47.26	48.55	48.36	0	0.5866531671200805	4
181H:183N:201K:202A:203S:206S:207T:208E:209K:211E	37.11	47.22	37.11	0	0.6144488017558182	10
96T:99S:104L:117Y:122C	51.5	52.44	51.28	0	0.3913723635502832	5
181H:183N:202A:203S:204I:206L:208E:211E	33.0	35.11	33.0	0	0.42119207544446025	8
137S:141C:142F:143I:160V:161T:163I	51.06	51.92	51.46	0	0.5030697283493824	7
137G:141S:142F:143A:160V:161T:163V	84.24	84.19	84.68	0	0.3277534773839117	7
172A:173V:178S:180I:195S:196F:200L	43.25	45.62	43.99	0	0.8740691776580909	7
96S:99S:102K:105N:117Y:119H:120A	60.49	61.03	60.17	0	0.431356032849625	7
181H:183N:202A:203S:206S:209K:211E	42.89	42.45	43.06	0	0.6056993888733471	7
181H:183N:202A:203S:204I:206S:208E:209K	45.52	44.26	45.95	0	0.5634916772006117	8
137S:141S:142F:143T:157S:160V:163L	70.21	64.08	70.45	0	0.4480842250375294	7
171A:172S:178N:180T:195S:196F	36.7	37.04	37.58	0	0.5699129820308825	6
137D:140F:141C:142F:143T:160V:161T:163V	76.29	70.08	74.72	0	0.3518861150405	8
96S:98L:99S:105Q:117Y:119Y:121Y:122C	20.44	22.31	20.4	0	0.3405914355435333	8
106D:108V:111I:115T:131S:135F	63.54	62.29	63.07	0	0.44894405929197295	6
106N:108V:110T:115T:131S:135F	49.29	50.64	48.97	0	0.3438069567325001	6
181C:183N:201K:202A:203S:205T:206L:207T:208E	17.13	13.75	16.16	0	0.3578129929030714	9
181Y:189A:203S:205T:206L:208E	4.3	3.47	5.86	0	0.9453705858948444	6
96T:98L:99T:102K:104L:105N:121Y:122C	32.35	34.65	32.92	0	0.5304504507707274	8
137S:139A:140F:142F:143I:144N:163I	55.46	54.94	55.31	0	0.5555783062819117	7
181C:201K:202A:203S:204I:206L:209K:210D	21.18	20.87	21.64	0	0.45494167378945	8
147F:148K:151M:154H:164I:165D:168S	66.8	66.57	66.49	0	0.34812426162614346	7
137S:139A:142F:143I:160V:161T:163I	59.17	59.98	59.35	0	0.4658842375208803	7
181H:202A:203S:204I:206L:209K	22.45	23.02	21.2	0	0.44791512971982106	6
172G:173V:177I:178S:180T:195S	55.18	51.89	54.11	0	0.7572602811141483	6
106N:108I:111I:114L:115A:131S:135F	63.51	60.74	63.5	0	0.4042225626868096	7
141G:143I:144D:157T:160V:163V	34.76	36.69	34.7	0	0.42526958696452494	6
181C:183N:202A:203S:205T:206L:207T:209K:211E	11.84	7.45	10.86	0	0.4523455503377694	9
32K:33D:34V:35L:43H:45A	38.38	38.13	38.4	0	0.9947956362237588	6
181H:183N:202A:203S:206L:208E	40.79	38.05	40.21	0	0.4512557071844879	6
139A:141C:142F:143A:157S:163V	68.11	69.15	68.15	0	0.368355317650955	6
181C:183N:202A:203S:204I:206L:207T:209K:211E	8.8	8.65	8.73	0	0.3800265443902904	9
66Y:67T:86D:87V:92S	60.58	59.27	60.52	0	0.3280701857965652	5
137G:141S:143T:161T:163V	73.12	75.26	73.59	0	0.3928456630812711	5
13Q:18S:26D:27A	22.36	22.28	22.34	0	0.3549000443872873	4
98L:99S:102K:119Y:120A:121Y:122C	11.97	12.2	11.68	0	0.6844267394573771	7
148R:152I:154H:165H:169R	32.19	31.2	33.26	0	0.6380244384792676	5
106N:108M:111I:114L:115T:131S:135F	57.59	57.3	57.38	0	0.33025047967538096	7
96T:98L:99S:102K:104L:105N:117Y:121Y	45.16	48.85	44.17	0	0.363720815628	8
145I:147F:148R:154E:164M:165D:170S	63.79	64.82	66.57	0	0.3230698407523214	7
145I:147F:151M:152I:154E:164M:165D:168S	68.06	66.3	69.56	0	0.3828424516261212	8
139A:141C:142F:143A:157S:160V:163I	54.18	52.52	54.14	0	0.32478351328912203	7
139A:141C:142F:143A:157S:160V:163V	51.3	52.03	51.26	0	0.3516615968255919	7
137D:139A:140F:144N:157S:161T	5.18	11.22	5.11	0	0.4706760672917245	6
145I:147F:154H:164I:165D:168S	80.81	80.12	82.14	0	0.3247110509984193	6
181C:183T:201K:202A:203S:206S:208E:209K:211E	56.55	56.91	56.34	0	0.4898335935559642	9
181C:183N:202A:203S:206S:208E:209K:211E	57.07	53.56	56.98	0	0.3269361999946061	8
181H:202A:203S:206L:208E:209K	50.7	47.94	49.09	0	0.4263357673772378	6
137G:139A:140F:142F:143A:144D:161T:163V	72.03	72.21	71.85	0	0.5088603040841428	8
140F:141C:157S:160V:161T:163I	21.42	20.72	21.32	0	0.5898528287616854	6
181H:183N:202A:203S:204I:205T:206S:208E:209K	38.78	39.5	38.97	0	0.5781132305965172	9
181C:183N:201K:202A:203S:206S:208E:209K	51.53	51.25	51.61	0	0.43933974622525	8
66F:67N:86V:87V:92S	49.88	50.19	49.8	0	0.4074968683832609	5
181Y:183N:202A:203S:204I:206L:208E:209K:211E	20.19	25.69	20.28	0	0.5901635211341933	9
139A:141C:142F:143T:163V	65.48	66.11	65.47	0	0.3465657898315653	5
181H:201K:202A:203S:205T:206L:209K:211E	34.22	34.93	34.24	0	0.42897715036767936	8
172T:173V:178N:180I:195S:196F:198I	45.89	47.87	46.62	0	0.3445823219093636	7
181C:183N:202A:203S:205T:206L:208E:209K:210D	35.58	35.77	35.57	0	0.3376328555026428	9
172T:173V:178N:180I:195S:196F:198L	51.15	52.75	51.7	0	0.3470437602982666	7
181H:183N:201K:202A:204I:205T:206L:208E:209K:211E	10.26	10.82	10.14	0	0.5046993760333333	10
181H:183T:201K:202A:203S:206S:208E:209K:211E	61.01	65.44	61.01	0	0.6726076561293226	9
140F:141G:143T:144N:161T:163L	63.5	61.67	64.95	0	0.39191887756640004	6
181H:202A:203S:206L:208E:209K:211E	51.43	51.98	51.02	0	0.3869070072445556	7
181Y:183N:202A:203S:206L:208E:209K:210D:211E	38.82	37.11	38.75	0	0.7505369468391033	9
181C:183N:202A:203S:206L:208E:209K:210D	42.82	43.4	41.52	0	0.3438394733044333	8
141S:143A:144D:157S:161T:163L	50.53	55.82	50.59	0	0.5090824088918612	6
181C:183T:202A:203S:206L:209K:211E	27.15	28.33	27.15	0	0.4331735975912301	7
172T:177I:178N:180I:195S:196F	38.55	43.78	39.54	0	0.4380850266598182	6
181C:183N:201K:202A:203S:204I:206L:209K:211E	16.14	17.78	15.94	0	0.3244923512708065	9
181C:183T:201K:202A:203S:204I:206L:209K:211E	15.81	15.8	15.8	0	0.43851952149403217	9
145I:147F:148K:154E:164M:165D:168S	71.34	71.87	72.22	0	0.3956142707322381	7
172A:173V:177I:178N:180I:195S:196F	49.71	48.28	48.62	0	0.6027642076117576	7
181H:202A:203S:204I:205T:206L:208E:209K:210D	34.08	31.61	33.75	0	0.4487268892927727	9
181C:183N:201K:202A:203S:206L:211E	29.52	28.03	29.71	0	0.38363585310063797	7
108V:110D:111F:112K:115E:135F	51.43	51.14	51.64	0	0.3887346803505	6
137S:141S:161T:163I	53.41	53.49	53.82	0	0.34229405742615704	4
181H:183N:201K:202A:203S:206L:209K:211E	37.73	38.8	37.72	0	0.4430853184736721	8
181C:201K:202A:203S:206L:207T:208E:209K	29.12	27.78	27.95	0	0.517500708458425	8
139A:140F:141S:142F:143I:160V:163V	75.84	76.31	75.78	0	0.7060134994633822	7
181H:183N:201K:202A:203S:205T:206L:208E:209K:210D	42.22	41.23	42.22	0	0.5214486654164616	10
137S:139A:141C:142F:143I:160V:161T:163I	54.97	59.49	55.02	0	0.5489356410396466	8
137G:141S:142F:143A:157S:161T:163V	69.9	70.01	70.4	0	0.3934198463415601	7
66Y:67T:73A:86L:92S	37.0	37.43	36.91	0	0.3634193898042728	5
172S:173V:177I:178S:180I:195S:196F	53.87	55.45	54.85	0	0.8842850586138237	7
181C:202A:203S:204I:205T:206L:207T:208E:209K:211E	1.18	4.85	1.29	0	0.4423602988053333	10
181C:202A:203S:204I:206L:208E:209K:210D:211E	35.11	35.76	35.12	0	0.3968113378083903	9
66Y:73C:87V:93V	17.37	17.95	17.28	0	0.3990295457012341	4
141G:142F:143I:160V:163V	64.93	64.54	64.92	0	0.3258474293339614	5
141G:142F:143I:160V:163I	63.56	60.49	63.53	0	0.33917500418936586	5
106D:108V:110D:111F:112K:135F	39.47	40.11	39.19	0	0.458276771308579	6
181H:183T:202A:203S:204I:206L:208E:209K	34.18	32.85	34.48	0	0.4757488057682063	8
181C:202A:203S:204I:206L:207T:209K:210D:211E	14.51	13.65	14.53	0	0.4970267237237048	9
181H:202A:203S:204I:205T:206L:209K	13.96	13.67	14.44	0	0.4079908664434419	7
139A:141S:142F:143A:157S:161T:163L	79.56	64.54	79.63	0	0.5399405071047895	7
181C:201K:202A:203S:206L:208E:209K	42.2	43.18	42.23	0	0.3821017179725881	7
152I:154H:165H:168S:170S	71.25	71.47	72.47	0	0.514178493990254	5
139A:141C:144D:157T:163V	28.43	19.8	28.46	0	0.5377693415584388	5
181C:201K:202A:203S:204I:206L:207T:209K	4.22	6.8	3.68	0	0.4700755314442943	8
181H:183N:202A:203S:204I:206L:209K:211E	21.27	22.2	21.35	0	0.3767529678511111	8
96S:99S:105N:117Y:119Y:121Y:122C	26.21	26.48	24.79	0	0.3579623920109512	7
181C:201K:202A:203S:206L:208E:209K:210D:211E	50.11	49.56	49.8	0	0.44553852491325	9
181H:183N:202A:203S:204I:205T:206L:208E	20.06	21.13	21.03	0	0.4506062691982857	8
8F:9N:11N:20S:22C:23I:24N	39.87	40.21	39.86	0	0.4764022420535999	7
137D:140F:141C:143I:157T:160V:163V	30.2	27.0	30.23	0	0.6354788679334668	7
181C:183T:201K:202A:203S:204I:206L:209K	13.38	12.47	13.24	0	0.4606218139142382	8
96T:98L:99S:102M:104L:105N:122C	43.7	46.54	44.39	0	0.4121947236426153	7
139A:141C:142F:143A:144N:161T:163I	62.1	61.8	62.15	0	0.38424745454675	7
96S:98L:99S:102L:105H:117Y:121Y	25.75	25.17	25.76	0	0.33747905228369696	7
137D:143I:144K:157T:161T:163V	20.99	21.67	21.67	0	0.4974181890084584	6
181H:183N:201K:202A:203S:205T:206L:208E:209K	39.17	38.8	40.66	0	0.4163784675644827	9
181H:183N:201K:202A:203S:204I:205T:206L:208E:209K	25.96	25.24	25.96	0	0.3819103196595333	10
181H:201K:202A:203S:204I:206L:207T:209K:211E	15.14	16.49	15.14	0	0.573048123584	9
137S:140F:141G:142F:143I:144N:163V	55.76	57.68	55.79	0	0.33266142987505565	7
137G:141S:143A:161T:163V	69.03	69.5	69.46	0	0.3426278171495403	5
142F:144D:157T:163I	23.71	24.36	23.72	0	0.3366598210768619	4
141G:142F:143I:160V:161T:163V	68.22	67.16	68.25	0	0.3990313630108288	6
181H:202A:203S:204I:206L:207T:209K:211E	18.96	12.06	18.97	0	0.4952741607446321	8
96S:99S:105H:117Y:119H:122C	35.43	38.06	34.96	0	0.3482589567975082	6
181C:183N:201K:202A:203S:204I:206L:207T:208E:209K	12.07	11.44	13.94	0	0.4259410797087334	10
141G:142F:143I:160V:161T:163I	65.43	67.52	65.44	0	0.3603795925525316	6
139A:141G:143I:157S:160V:163V	52.24	57.68	52.22	0	0.4325313580226725	6
181H:183T:202A:203S:204I:206L:209K:211E	21.91	19.35	20.86	0	0.5064389587142857	8
181C:183N:202A:203S:204I:206S:208E:209K:211E	41.8	40.48	41.45	0	0.3210221473531429	9
181C:183T:202A:203S:204I:205T:206L:209K	2.96	2.13	2.44	0	0.4431812593868572	8
96T:98L:99T:104L:105Q:122C	34.7	35.12	35.99	0	0.5592828361380755	6
172T:175I:178N:195S:196F:198L	57.9	61.24	58.99	0	0.537939289593706	6
181C:202A:203S:205T:208E:209K:211E	41.94	44.67	41.86	0	0.4464088207251759	7
148K:152I:154H:165H:168S	53.04	56.05	54.24	0	0.5662933169007617	5
66F:67N:73C:86Y:92S	28.93	28.32	28.88	0	0.4052682274050909	5
139A:140F:143I:144D:161T:163I	52.42	51.05	50.78	0	0.5947351728141719	6
141C:142F:143T:160V:161T:163I	63.61	67.0	63.59	0	0.33577268383979786	6
181C:183N:202A:203S:204I:206L:207T:209K	0.56	0.95	0.6	0	0.3875513683611587	8
181C:183T:202A:203S:204I:206L:208E:209K:210D:211E	32.25	33.44	32.43	0	0.4855165266314001	10
181H:183T:202A:203S:206L:208E:209K:211E	48.31	48.07	46.82	0	0.4567443975239524	8
172T:178S:180T:195S:196F:200L	53.23	53.08	52.24	0	0.4309215840983	6
137S:140F:141C:142F:143I:160V:161T:163V	57.45	57.1	57.44	0	0.5424751072322778	8
140F:141S:143I:144K:157S:161T:163I	51.57	54.92	51.51	0	0.6415507948185833	7
148K:151M:152I:154Q:164M:165D:168S	51.22	52.07	53.81	0	0.3763479144693542	7
96T:98L:99S:102K:104L:105N:120A:122C	59.47	57.71	58.14	0	0.3551802909898125	8
139A:141G:142F:143I:144N:161T:163I	61.81	63.5	61.87	0	0.37957138240410815	7
145I:147F:151M:152I:154Q:164I:165D:170S	58.08	57.99	60.65	0	0.32394117932065003	8
181H:183N:202A:204I:205T:206L:208E:209K:211E	10.6	11.64	9.42	0	0.4290148981037096	9
181C:202A:203S:204I:206S:209K	22.18	21.84	20.7	0	0.4487212825122352	6
137S:142F:143I:161T:163I	52.32	51.36	52.72	0	0.4839423400338544	5
181C:183N:202A:203S:204I:206L:209K:210D:211E	19.45	21.07	19.44	0	0.3524701230320645	9
181C:183T:202A:203S:205T:206L:208E:209K:210D:211E	34.26	37.27	34.44	0	0.5173521919832857	10
181H:183N:202A:203S:204I:206L:207T:208E:209K:211E	13.59	12.74	13.7	0	0.4251390417047333	10
181H:202A:203S:204I:206S:208E:209K	50.73	50.03	50.02	0	0.5740245155615962	7
148K:152I:154H:165H:168S:170S	74.15	75.97	75.39	0	0.4555408824770167	6
181H:202A:203S:204I:206L:208E:209K:210D:211E	42.94	44.13	42.65	0	0.36543181229445454	9
141C:142F:143T:161T:163V	63.42	62.81	63.47	0	0.4394849590006568	5
96S:98L:99T:102K:105Q:121Y:122C	23.65	21.28	24.09	0	0.4395346939449311	7
147F:148K:154Q:164I:165D:168S	63.7	65.18	66.1	0	0.344709868502297	6
181C:183T:202A:203S:204I:206L:209K	9.43	10.88	10.74	0	0.4028819102836299	7
181C:201K:202A:203S:204I:205T:206L:209K:210D	11.86	12.62	12.94	0	0.4806356640695349	9
148K:152I:154H:164M:165Q:168S	52.46	53.7	54.97	0	0.7396002882967001	6
152I:154H:165Q	20.89	20.73	22.02	0	0.8040375172757479	3
148R:152I:154H:165H:170S	51.1	49.2	52.31	0	0.5539520024159561	5
148R:152I:154H:165H:170T	46.02	44.09	47.23	0	0.3202409944646725	5
145I:147F:148K:151M:154E:165D:168S:170S	76.52	71.52	75.82	0	0.3605842026537273	8
181H:202A:203S:206S:207T:208E:209K	43.86	43.92	44.52	0	0.7511326535581971	7
96T:98L:99T:104L:105N:117Y:119H:122C	35.96	36.36	35.93	0	0.6547363024189999	8
181H:183T:202A:203S:204I:205T:206S:208E:209K	39.68	40.99	39.68	0	0.7135595661090001	9
181H:183N:189A:202A:204I:205T:206L:208E:209K:211E	-5.73	-3.28	-5.68	0	0.6342064555001333	10
96T:98L:99T:102K:104L:105N:117Y:122C	41.6	42.07	41.51	0	0.4223114881070227	8
181C:183N:202A:203S:204I:208E:209K:210D:211E	40.67	38.61	40.75	0	0.3822714782132059	9
106K:108M:111F:114L:115T:131S:135F	51.05	46.57	50.45	0	0.37256716289048003	7
148R:152I:154H:164I:165H:169R	40.67	37.33	40.8	0	0.6945288809766668	6
181H:202A:203S:204I:205T:206L:208E:211E	30.36	29.18	30.69	0	0.4274378822529883	8
139A:141G:143I:161T:163V	61.76	64.3	61.84	0	0.4564669491690374	5
96S:99S:105Q:117Y:119H:122C	39.02	38.91	38.99	0	0.3279030629244714	6
181H:202A:203S:204I:206L:207T:208E:209K	21.41	19.84	20.82	0	0.5130693143470768	8
137D:139A:142F:143I:160V:161T:163I	59.91	62.15	60.12	0	0.44968166911031576	7
172T:180T:195S:196F:200L	48.55	50.1	48.55	0	0.3251156575717836	5
96T:98L:99T:102K:104L:105H:117Y:122C	35.7	36.86	35.89	0	0.5193437326235333	8
181H:183N:201K:202A:203S:204I:206L:208E:209K:211E	39.04	39.64	39.11	0	0.35488512515366666	10
106N:108I:111I:114I:115T:131S:135F	55.58	56.76	55.44	0	0.5550900763198	7
181H:202A:203S:204I:206L:208E:210D:211E	42.26	41.18	41.48	0	0.5430932556482889	8
106D:108M:111I:115T:131S:135F	44.39	43.51	44.35	0	0.4037629040738301	6
139A:141S:142F:160V:161T:163L	64.15	65.66	64.17	0	0.41542295512942734	6
172T:173V:175I:177I:178N:195S:196F	72.28	78.52	72.87	0	0.34893926337668746	7
140F:141G:143I:157S:163V	50.4	60.84	50.38	0	0.4895223617517914	5
181H:183N:202A:203S:205T:206L:209K:211E	26.82	25.75	27.02	0	0.4102544318707627	8
181C:183N:201K:202A:203S:206L:207T:208E:209K:210D	27.05	29.92	28.8	0	0.4711573294595	10
141C:142F:143A:144K:160V:161T:163I	57.03	59.03	57.04	0	0.375838990016	7
181C:183N:202A:203S:205T:206L:209K	17.19	16.79	16.64	0	0.3398404543010924	7
106D:108I:112K:115T:131S:135F	66.74	64.45	66.74	0	0.4270295668424984	6
181C:183N:201K:202A:203S:205T:206L:208E:209K	34.56	36.05	35.44	0	0.3233096470403793	9
106D:108V:111I:112T:115T:131S:135F	68.06	67.33	67.37	0	0.4215543644652	7
181C:202A:203S:204I:205T:206L:208E	18.11	17.04	16.58	0	0.4305919831708959	7
139A:142F:144D:161T:163I	47.75	48.51	47.81	0	0.3797339593351084	5
181C:183N:202A:203S:204I:206L:207T:208E:209K:211E	8.28	7.83	8.28	0	0.36769431742426667	10
96S:98L:99T:102L:117Y:119Y	3.98	4.69	5.69	0	0.6143425529413444	6
137G:142F:143A:144D:161T	34.2	35.35	34.38	0	0.4895880252567376	5
172A:173V:177I:178N:200T	33.21	32.96	33.21	0	0.32730084178983904	5
96T:98L:99S:102K:104L:105H:117Y	44.04	42.34	44.38	0	0.4588436496093571	7
172T:177I:178S:180T:195S	44.93	45.11	44.15	0	0.5483315452824769	5
139A:142F:143I:144K:160V:161T:163V	51.73	52.14	51.74	0	0.3897515089711493	7
181C:183N:202A:203S:205T:206L:207T:208E:209K	16.16	15.52	16.66	0	0.42434335427489295	9
106D:108I:111F:112T:115A:131S:135F	52.34	51.93	52.05	0	0.4307104965882223	7
106D:108I:111I:112K:115T:131S:135F	59.12	59.02	58.0	0	0.4914946253857728	7
181C:183N:202A:203S:204I:205T:206L:209K:210D:211E	9.56	10.55	9.68	0	0.3630220266762	10
139A:141C:143A:161T:163V	54.28	54.86	54.36	0	0.36937702766054464	5
181C:183N:202A:203S:206L:209K:210D:211E	32.74	33.61	32.55	0	0.3668977801645085	8
181H:183N:202A:203S:205T:206L:208E:209K	38.36	39.61	37.8	0	0.3738192245046102	8
181H:183T:202A:203S:204I:206L:208E:209K:211E	34.58	33.42	34.58	0	0.42700052802703226	9
181H:183N:202A:203S:206L:208E:209K:210D	46.14	46.82	47.08	0	0.43876440682645895	8
139A:140F:141C:143T:157S:160V:161T:163V	45.88	46.9	47.29	0	0.3219608297460385	8
139A:140F:141S:143T:144D:160V:161T:163L	77.8	80.16	79.28	0	0.4428114921490909	8
181C:183T:202A:203S:204I:206L:209K:211E	14.88	12.34	14.95	0	0.4329694706534287	8
145I:147F:148K:154E:164I:165D:168S	70.13	70.47	71.17	0	0.4229290104114816	7
181C:183N:202A:203S:206S:208E:209K	49.27	50.39	50.53	0	0.4014354104739187	7
152I:154H:165H:170T	42.8	42.94	44.01	0	0.3721522774887903	4
181C:183N:202A:203S:204I:206L:207T:208E:209K	11.06	12.12	10.8	0	0.37707939259541945	9
181C:183N:202A:203S:204I:206L:207T:208E:209K:210D	11.64	12.11	11.3	0	0.4234052968876	10
181H:202A:203S:204I:205T:206L:207T:208E:209K	13.47	12.6	13.3	0	0.485037437086341	9
148K:152I:154H:164M:165H:168S:170S	80.0	79.3	81.94	0	0.4290266017760001	7
137G:140F:141S:142F:143I:144N:163V	62.58	61.79	62.55	0	0.6824539390301818	7
181H:183N:202A:203S:206L:208E:209K:211E	47.53	48.91	47.44	0	0.32090330103738984	8
137D:139A:141C:142F:144D:157S:160V:163I	37.77	38.64	38.0	0	0.3309263193360667	8
181H:201K:202A:203S:205T:206L:209K	30.04	27.88	28.56	0	0.5169685766927092	7
181C:183N:201K:202A:203S:204I:206S:208E:209K:211E	44.52	46.97	44.44	0	0.3698155923223636	10
172T:173V:177I:180T:196F:198L	37.95	38.42	37.14	0	0.3880285689831651	6
181H:201K:202A:203S:206L:208E:209K:211E	54.42	55.22	54.43	0	0.4478655754527088	8
137G:140F:141S:142F:143T:157S:160V:163V	74.09	75.22	75.63	0	0.34988072489414285	8
145I:147F:148K:152I:154E:164M:165D:168S	72.31	72.32	72.89	0	0.3913719735596666	8
172T:175I:178N:180I:195S:196F	62.98	61.52	63.16	0	0.5504418906550345	6
181H:183N:202A:203S:205T:206L:208E:209K:210D:211E	43.64	43.34	43.82	0	0.378868268423	10
139A:141C:142F:143A:157S:160V:161T:163V	54.26	51.43	53.43	0	0.4387327773201852	8
181H:183N:202A:203S:204I:205T:206L:209K:210D	14.38	14.94	14.07	0	0.4200391992480323	9
139A:141S:142F:143I:157T:160V:163V	49.27	49.47	49.23	0	0.7444533860332143	7
96T:99T:102K:104L:105N:117Y:121Y:122C	38.79	38.49	37.89	0	0.5061793456704	8
139A:141C:142F:143A:157S:160V:161T:163I	52.18	50.15	52.17	0	0.42472616800350005	8
172A:177I:180T:195S:196F	45.48	54.53	46.65	0	0.5103178964800472	5
148R:152I:154H:165H:168S:169R	54.65	54.78	55.95	0	0.5458515073612543	6
96S:97A:99S:105N:117Y:121Y:122C	27.37	29.1	27.7	0	0.32459109377687145	7
96T:97A:98L:99S:104L:105H:117Y:121Y:122C	29.64	27.64	29.21	0	0.60828543979025	9
181H:202A:203S:206L:209K	34.7	33.17	33.57	0	0.4903684601399888	5
172T:180T:195S:196F:198L:200L	51.0	49.31	50.31	0	0.3984433679156131	6
145I:148K:151M:152I:154E:164M:165D:168S	56.53	58.05	57.73	0	0.3981300019755	8
106N:108I:111F:112K:115A:131S:135F	52.79	54.04	53.01	0	0.4139128138022916	7
181C:202A:203S:206L:208E:209K:210D	44.82	44.56	44.23	0	0.4189187514016832	7
181C:183N:201K:202A:203S:204I:206L:207T:209K:211E	8.6	9.27	8.73	0	0.41660342908226666	10
139A:140F:141S:142F:143I:161T:163I	75.95	77.36	77.36	0	0.6581404596021428	7
139A:140F:141C:142F:143T:157S:160V:161T:163V	54.02	55.3	55.47	0	0.36436053092157145	9
96S:99T:105N:117Y:121Y:122C	26.82	29.47	26.58	0	0.3744239356221381	6
181H:183N:202A:203S:205T:206L:209K	21.58	20.35	22.1	0	0.41447680979863416	7
106D:110D:112K:114L:115E	32.94	33.99	33.46	0	0.6440626491121667	5
181C:202A:203S:204I:205T:206L:209K	6.96	5.68	5.36	0	0.3878948129949535	7
137D:141G:142F:143I:157S:160V:163V	59.32	61.36	59.6	0	0.3957474570284348	7
181C:201K:202A:203S:204I:206L:207T:209K:210D	10.65	9.09	11.1	0	0.4374221644334185	9
137D:139A:140F:142F:143I:160V:163V	64.24	62.29	62.67	0	0.3729921591662653	7
141C:142F:143A:144K:160V	27.84	27.87	27.82	0	0.4578505922419771	5
181H:202A:203S:205T:206L:208E:209K:211E	46.83	44.08	46.75	0	0.3865340697121448	8
181H:201K:202A:203S:206L:209K:211E	42.25	42.48	42.19	0	0.458005854678443	7
181C:183N:201K:202A:203S:205T:206L:209K:211E	25.89	26.37	25.91	0	0.34604340507674075	9
31A:32Q:43H:45A:47V	-13.02	-12.07	-13.02	0	0.6865988819975001	5
181H:183T:201K:202A:203S:205T:206L:208E:209K:211E	42.99	45.54	42.98	0	0.5272762163114	10
137D:141C:142F:143T:161T:163V	66.2	63.57	67.04	0	0.3639404487969028	6
181C:202A:203S:204I:205T:206L:209K:210D:211E	15.47	13.53	15.49	0	0.4476060574752308	9
145I:147F:148K:154Q:164M:165D:168S:169R	73.73	70.73	73.81	0	0.5501327800793636	8
137S:139A:141G:143I:160V:161T:163V	66.77	69.05	66.92	0	0.4300293208926896	7
172S:177I:178N:180T:195S:196F:198I	52.85	52.33	52.18	0	0.5483645051717274	7
141C:142F:143T:157T:160V:161T:163I	37.36	45.17	37.33	0	0.3474884484436857	7
172T:178N:180T:196F	30.7	33.49	30.49	0	0.3880935947820913	4
148K:152I:154H:165H:169R:170T	44.85	45.23	46.11	0	0.49840728477504	6
96T:99S:104L:105N:121Y:122C	46.8	49.6	47.14	0	0.4327491610770911	6
181H:183N:202A:203S:206L:208E:209K	44.08	45.19	43.62	0	0.3649873148316016	7
181Y:183N:202A:203S:205T:206L:208E:209K:211E	27.6	29.42	27.22	0	0.6561363997298214	9
172G:178N:196F:200T	41.17	42.41	40.77	0	0.3972089278815018	4
172A:178N:180T:195S:196F:198L	46.63	48.59	46.49	0	0.4115323890503529	6
181C:183N:201K:202A:203S:205T:206L:207T:209K:211E	10.5	11.46	10.51	0	0.4804678445908333	10
171A:172T:173V:177I:178N:195S:196F	33.16	31.83	33.67	0	0.3322206748867234	7
181C:201K:202A:203S:204I:206L:209K	15.49	14.94	15.76	0	0.4052001224081904	7
106N:108I:112K:115A:131S:135F	62.78	63.04	62.24	0	0.4581352008213663	6
181C:183N:202A:203S:206S:209K	32.15	33.51	33.22	0	0.4611181630879804	6
106N:108M:111I:112K:115T:131S:135F	49.87	50.5	50.74	0	0.4800909611714285	7
181H:183T:201K:202A:203S:205T:206L:208E:209K	40.49	40.41	39.26	0	0.5327745340769355	9
172T:173V:178N:180T:195S:200L	53.73	55.25	54.29	0	0.4742791784658571	6
7S:8F:11N:20S:22C:23I:24D	51.58	52.19	51.58	0	0.34989915638875	7
106D:108I:111F:112T:115T:131S:135F	54.37	55.74	54.11	0	0.4113178197710499	7
181C:183N:202A:204I:205T:206L:208E:209K:211E	6.18	3.91	6.17	0	0.3271930264639677	9
181H:183T:201K:202A:203S:204I:205T:206L:208E:209K	27.05	24.71	27.03	0	0.5327295026777333	10
181C:183N:202A:203S:204I:205T:206L:207T:209K:211E	-3.01	-4.16	-4.32	0	0.3808804039851333	10
181H:202A:204I:206L:208E:209K:211E	21.74	22.19	21.75	0	0.5027436535314976	7
172T:173V:178G:196F:200L	32.03	34.4	32.46	0	0.6761826738967143	5
181C:183N:202A:204I:206L:208E:209K:211E	9.47	9.76	9.68	0	0.4123502593940888	8
171A:172A:178N:180P:196F	27.57	25.84	27.78	0	0.41853495926634704	5
139A:140F:143T:144D	31.46	31.72	31.43	0	0.35835718809887457	4
137G:139A:141S:143T:163V	76.86	78.18	76.8	0	0.3930115183314845	5
181H:183N:201K:202A:203S:209K:211E	38.72	38.58	38.73	0	0.4278011002411399	7
181H:183N:202A:203S:204I:206S:207T:209K:211E	24.02	26.67	23.94	0	0.5637847719514643	9
181C:201K:202A:203S:204I:206L:208E:209K	27.93	30.16	27.94	0	0.3724143851861184	8
145I:148K:154E:164M:165D:168S	59.28	59.66	60.43	0	0.4116300946241897	6
181C:183T:202A:203S:205T:206S:208E:209K:210D:211E	51.4	48.83	51.58	0	0.7133126882308334	10
181H:183N:202A:203S:204I:205T:206L:207T:209K	2.69	3.48	2.11	0	0.4882817461634194	9
137D:140F:141C:143T:161T:163V	54.95	57.24	56.37	0	0.35594597137972905	6
139A:141S:143T:144N:161T:163L	65.35	66.22	65.39	0	0.7504118714225424	6
139A:140F:142F:143I:157T:161T:163I	45.47	53.02	43.83	0	0.5827793780914977	7
181C:183T:202A:203S:204I:205T:206S:208E:209K:211E	33.33	35.05	33.24	0	0.6815518274931333	10
181H:183N:202A:203S:204I:206L:209K:210D:211E	24.1	24.53	24.29	0	0.4274527607789032	9
181C:201K:202A:203S:204I:206L:209K:210D:211E	23.44	24.75	23.46	0	0.4512007910281952	9
181C:202A:203S:204I:206L:207T:208E:209K:210D	13.83	13.49	12.99	0	0.4772899648238572	9
181H:183N:202A:203S:204I:205T:206L:208E:211E	25.3	26.82	25.31	0	0.3995068883980839	9
106N:108I:111I:115T:131S:135F	57.38	54.07	56.85	0	0.43569712178562336	6
181H:183N:201K:202A:203S:206L:208E:209K:211E	49.09	50.48	48.9	0	0.3635610691868621	9
181H:183N:201K:202A:203S:205T:206L:209K:210D:211E	34.12	31.69	34.32	0	0.34312393641746153	10
152I:154H:164M:165H:168S:169R:170S	74.81	72.18	77.45	0	0.5942227472282143	7
137D:139A:141C:143I:144D:160V:163V	49.9	49.97	50.2	0	0.3850521244854052	7
137G:141C:144K:157S:161T	-0.37	-2.54	-0.2	0	0.8529775745189464	5
137G:139A:140F:143T:157S:161T:163I	64.04	71.49	63.82	0	0.3947123944414167	7
181H:202A:203S:204I:206L:209K:211E	22.73	24.21	22.86	0	0.3864770952731977	7
181C:201K:202A:203S:204I:206L:208E:209K:210D:211E	35.09	36.67	35.27	0	0.4436476983801	10
172G:177I:180P:195S:196F:200L	67.22	66.32	66.22	0	0.3581044190543077	6
181C:202A:203S:205T:206L:208E:209K	34.46	34.03	32.95	0	0.363227531079702	7
181C:201K:202A:203S:206L:209K:211E	30.22	35.03	30.45	0	0.41295684520706616	7
181C:183N:201K:202A:203S:205T:206L:209K	20.98	18.34	19.37	0	0.36037512638411867	8
181H:183N:201K:202A:203S:204I:205T:206L:209K	11.31	10.74	9.73	0	0.4271248630596453	9
139A:141C:143A:160V:163V	54.9	55.73	54.87	0	0.3687711036364113	5
181H:183N:202A:203S:204I:205T:206L:207T:209K:211E	7.74	1.23	7.83	0	0.4843475889394	10
181C:201K:202A:203S:204I:205T:206L:208E:209K:210D	26.21	26.88	26.21	0	0.4742820523671428	10
145I:148R:154H:165D:168S	62.79	62.24	63.89	0	0.338304552777223	5
181C:183N:202A:203S:205T:206L:209K:211E	19.81	22.89	19.73	0	0.32933132418121425	8
181C:183N:201K:202A:203S:204I:206L:208E:209K:210D	31.94	29.56	31.32	0	0.3686999410292667	10
181C:183N:202A:203S:204I:206L:209K	12.3	12.18	12.26	0	0.3219783547524488	7
181C:183T:202A:203S:206L:208E:209K	39.7	38.82	39.76	0	0.4495795293811207	7
181C:202A:203S:204I:205T:206L:207T:209K	-0.61	-1.36	0.45	0	0.4561691524754659	8
172A:178S:180T:195S:196F:198L	48.81	52.24	49.85	0	0.6586754062755714	6
106N:108M:111I:114L:115A:131S:135F	54.76	56.59	54.69	0	0.4072765656816316	7
181H:183T:201K:202A:203S:204I:205T:206L:209K:211E	18.22	16.02	18.13	0	0.5382643767439333	10
181C:202A:203S:204I:205T:206L:208E:211E	19.4	22.81	19.51	0	0.4126589536119527	8
137D:143I:144D:161T:163L	37.12	41.66	37.75	0	0.929993242305082	5
181C:183N:202A:203S:204I:205T:206L:207T:208E:209K	3.96	3.74	4.2	0	0.3826494898931333	10
181C:183N:202A:203S:204I:205T:206L:211E	7.06	4.61	7.12	0	0.3500135410363649	8
137S:139A:140F:142F:143I:157S:163V	60.74	58.62	59.26	0	0.46614689075474	7
181C:202A:203S:204I:206L:208E	25.01	25.28	26.36	0	0.4385231769826871	6
106N:108V:112T:115T:131S:135F	68.27	70.07	68.58	0	0.3580850485729826	6
96T:99S:104L:105H:119H:122C	41.62	44.48	41.89	0	0.5436210189115676	6
181C:183T:201K:202A:203S:204I:205T:206L:208E:209K	19.11	18.3	19.07	0	0.44531757296853336	10
148R:152I:154H:165H:169R:170T	43.26	41.38	44.35	0	0.3923787504874074	6
181C:202A:203S:204I:205T:206L:207T:208E:209K	5.88	4.87	7.12	0	0.4339169777168096	9
106N:108I:111I:112T:115A:131S:135F	57.07	57.89	57.03	0	0.444527047626375	7
181C:202A:204I:205T:206L:208E:209K	4.87	3.34	3.47	0	0.33690056953829656	7
139A:141G:142F:143I:157S:160V:163V	64.97	59.2	64.97	0	0.3640765057597916	7
106N:108V:111I:115T:131S:135F	60.38	61.73	60.04	0	0.467223517063464	6
181C:202A:203S:206L:207T:208E:209K:210D	27.84	26.57	26.25	0	0.5153561602442763	8
172T:173V:175I:180T:196F:198L	62.71	63.95	62.7	0	0.5649977259860769	6
181C:183N:201K:202A:203S:206L:208E:209K:210D	43.71	44.2	44.97	0	0.3740537449228276	9
96S:99S:102M:105H:117Y:121Y:122C	30.16	30.54	28.9	0	0.36749230516592857	7
181C:201K:202A:203S:205T:206L:208E:209K:210D	37.38	38.94	38.96	0	0.4827797343507501	9
145I:148K:152I:154H:165H:169R	36.11	32.48	35.94	0	0.62586502421782	6
181C:201K:202A:203S:204I:206L:208E:209K:211E	29.14	34.65	29.24	0	0.36485902320227503	9
181C:183T:202A:203S:204I:205T:206L:208E:209K	20.18	19.59	18.58	0	0.395258262697516	9
139A:141C:142F:143A:161T:163V	64.98	64.96	65.01	0	0.3729732085121826	6
139A:141S:142F:143I:144K:160V:161T:163I	66.4	67.69	66.43	0	0.34538818180337505	8
137S:140F:141S:144D:160V:161T:163I	54.71	52.87	54.7	0	0.35779581337375	7
181C:202A:203S:204I:206L:208E:209K	29.6	28.56	30.54	0	0.3452853136701373	7
181C:183T:202A:203S:205T:206L:208E:209K	30.04	31.59	30.63	0	0.458590340799742	8
181H:183N:189A:202A:203S:206L:208E:209K:211E	31.63	33.17	31.68	0	0.5760535485580346	9
137S:141S:143A:157S:160V:161T:163L	52.97	52.05	52.62	0	0.4562187485710769	7
181C:183N:201K:202A:203S:204I:205T:206S:208E:209K	35.07	37.57	35.05	0	0.4215801620855455	10
181C:201K:202A:203S:204I:205T:206L:209K	7.26	8.05	7.2	0	0.4143183247589177	8
96T:98L:99S:102M:104L:105H:121Y:122C	35.24	35.31	34.67	0	0.43637578101542857	8
137G:140F:141S:143T:157S:160V:163I	67.54	66.5	67.54	0	0.3802493034846153	7
106N:108M:111F:114I:115T:131S:135F	40.77	40.81	41.55	0	0.3325505893995	7
181H:202A:203S:204I:206S:209K	29.75	29.74	29.15	0	0.7032972051893616	6
181H:202A:203S:204I:205T:206L:209K:210D:211E	22.74	23.38	21.87	0	0.4829240235693721	9
172T:173V:177I:178N:180I:195S	40.54	37.51	39.42	0	0.5570145009111018	6
181H:183T:202A:203S:206L:209K:211E	33.71	34.62	33.72	0	0.5410781776647716	7
106N:108V:115T:131S:135F	60.62	61.38	60.92	0	0.37963169609004793	5
181C:183N:202A:203S:204I:206S:208E:209K:210D:211E	48.23	45.83	47.91	0	0.442124053735	10
181H:201K:202A:203S:205T:206L:208E:209K	43.85	41.95	42.91	0	0.4685315670873332	8
181C:183N:201K:202A:203S:204I:206L:209K	14.31	13.87	15.21	0	0.34476864122100004	8
171A:172A:178N:180T:195S:196F	29.89	31.61	30.52	0	0.5140296492267857	6
181C:201K:202A:203S:204I:206L:207T:208E:209K:210D	15.48	15.25	15.49	0	0.5192751610462	10
181C:202A:203S:204I:205T:206L:208E:209K	22.41	20.01	20.82	0	0.3497034927830595	8
145I:148R:152I:154E:164M:165D:168S	62.76	62.27	63.43	0	0.34613791495707896	7
181C:183N:202A:203S:204I:205T:206L:207T:208E:211E	6.42	6.68	5.02	0	0.4107178126786667	10
137G:141S:142F:143T:157T:160V:163V	62.13	62.42	62.5	0	0.5017241046228421	7
96S:99S:102K:105H:117Y:120A:121Y:122C	46.74	45.72	46.95	0	0.3229093031007647	8
139A:140F:143I:144K:163V	44.9	44.75	44.85	0	0.33136161508922163	5
181C:183N:201K:202A:203S:206L:208E:209K	40.14	42.05	38.75	0	0.32054749207375405	8
181C:183T:201K:202A:203S:205T:206L:208E:209K	31.57	34.57	32.15	0	0.4983792081007096	9
139A:141C:143A:144D:160V:163V	52.73	53.76	52.71	0	0.33654274447975896	6
181C:183N:202A:203S:204I:205T:206L:208E:210D	19.47	18.44	18.84	0	0.3489274613391936	9
139A:141G:142F:143T:144N:161T:163L	69.94	67.06	70.0	0	0.33894506763125004	7
148R:152I:154H:165Q:170T	33.45	33.41	34.59	0	0.38604397869856	5
106D:108I:111F:112K:115T:131S:135F	56.91	56.55	57.13	0	0.33135234443845457	7
96T:98L:99S:102L:104L:105N:122C	41.91	42.34	42.41	0	0.3627097706909583	7
147F:148R:151M:154E:164M:165D:168S	56.97	57.1	59.11	0	0.3224820439219442	7
141C:143T:161T:163V	49.67	48.52	49.71	0	0.4335466851860412	4
137G:141S:142F:143T:160V:163I	81.18	84.38	81.51	0	0.3902905753459657	6
181C:183N:201K:202A:203S:204I:205T:206S:209K	15.9	15.38	15.37	0	0.4272959922989524	9
137G:141S:142F:143T:160V:163V	83.86	84.27	84.23	0	0.4144433178700533	6
106D:108V:115T:131S:135F	62.58	62.92	63.33	0	0.3598714248313549	5
137G:140F:141S:143I:144D:163I	63.74	58.64	63.74	0	0.8963219864685832	6
106D:108I:111I:112K:115A:131S:135F	59.3	56.59	59.27	0	0.4407156172477143	7
181C:183N:202A:203S:204I:205T:206S:209K:211E	20.03	19.13	20.11	0	0.3606390427587333	9
106D:108I:112T:115A:131S:135F	61.19	62.16	61.16	0	0.427310074530625	6
141G:143I:157T:161T:163V	36.64	36.43	36.71	0	0.5292132946180292	5
181C:201K:202A:203S:204I:205T:206L:207T:208E:209K	7.78	8.51	6.8	0	0.505948549636	10
181C:183N:202A:203S:206L:209K:211E	30.43	30.53	29.1	0	0.3228969677573667	7
137S:139A:141C:142F:143I:161T:163I	56.79	59.02	57.13	0	0.5017553261690242	7
152I:154H:164I:165H:169R:170T	47.57	44.64	49.18	0	0.3725972858330625	6
172A:175I:177I:178N:180P:196F	69.2	67.59	68.68	0	0.4126098872422307	6
181C:202A:203S:206L:207T:208E:209K	24.87	26.61	24.89	0	0.4833508648026366	7
137S:139A:142F:143I:160V:163V	56.11	56.81	56.38	0	0.5167306750084474	6
145I:148R:152I:154H:165H:168S:169R	59.95	58.03	59.78	0	0.4750977769761429	7
140F:141S:142F:160V:161T:163I	65.84	64.51	64.26	0	0.3870930690147383	6
137S:139A:141S:142F:161T:163V	63.65	64.45	64.02	0	0.34394294681482074	6
181H:183N:202A:203S:204I:205T:206L:208E:209K	24.22	23.35	25.54	0	0.3342512176679032	9
181C:183T:201K:202A:203S:206L:208E:209K	38.53	40.41	40.69	0	0.4579112859122858	8
181H:202A:203S:204I:206L:208E:209K	39.36	37.35	38.64	0	0.4029316756996704	7
181C:183N:201K:202A:203S:205T:206L:209K:210D:211E	28.47	28.44	28.67	0	0.443103920854	10
139A:140F:141S:142F:143I:157S:161T:163I	68.47	78.71	69.85	0	0.7151143746423636	8
147F:154Q:164M:165D:168S	61.08	59.92	62.99	0	0.3381202067476439	5
96S:99S:105H:117Y:120A:122C	44.34	43.43	44.89	0	0.3845487485658359	6
96S:97A:98L:102K:105Q:117Y:120A:122C	19.26	17.46	17.79	0	0.5751634451696316	8
137S:141G:143I:161T:163V	57.09	57.89	57.52	0	0.330156533161874	5
96S:99T:102K:105H:117Y:119H:122C	27.12	26.45	27.32	0	0.4942359199058421	7
137G:141C:143A:144D:160V:163I	50.04	51.28	50.38	0	0.917550767587913	6
137S:141C:142F:143T:161T:163L	57.26	55.74	57.65	0	0.9078569319305334	6
148K:152I:168S	33.95	34.52	33.94	0	0.5668184550416843	3
145I:148K:151M:154E:164M:165D:168S	52.96	52.66	53.79	0	0.4257939803550476	7
181C:183N:201K:202A:203S:206S:208E:209K:210D	55.34	56.18	55.32	0	0.5043038913680454	9
30P:32N:34T:47S	48.66	48.65	48.66	0	0.9782344362730596	4
139A:142F:143I:161T:163I	57.2	57.95	57.24	0	0.5448432818471196	5
96S:98L:99T:102K:105Q:117Y:121Y:122C	23.52	22.91	22.51	0	0.4322566736160833	8
137G:142F:143T:160V:163V	68.68	68.51	68.86	0	0.5156597214713223	5
137S:139A:141C:143I:144D:163I	48.89	48.57	48.94	0	0.5635664699076969	6
148R:152I:154H:165H:169R:170S	49.25	49.55	50.53	0	0.6920710387685174	6
181H:183N:201K:202A:203S:206S:208E:209K:211E	60.05	59.91	60.06	0	0.4143073200944167	9
181C:183N:201K:202A:203S:204I:206L:208E:210D:211E	31.93	30.38	31.91	0	0.4130532441003333	10
66F:67N:86F:87V:92S	49.06	50.39	48.97	0	0.3479184305653043	5
137G:139A:143T:160V:161T:163I	66.96	69.27	67.34	0	0.4177090857385877	6
106D:108V:112K:115T:131S:135F	69.91	70.13	69.91	0	0.3492990551301194	6
181C:183N:202A:203S:204I:206L:207T:209K:210D:211E	12.86	6.85	12.94	0	0.4339318031034667	10
181H:201K:202A:203S:206L:208E:209K:210D	53.5	51.25	52.78	0	0.542871751592619	8
181C:183N:201K:202A:203S:204I:205T:206L:209K	6.19	4.65	5.01	0	0.3372733234054839	9
181C:183T:201K:202A:203S:206L:209K:211E	32.06	30.8	32.13	0	0.4827573893774032	8
139A:141G:143T:144N:160V:161T:163L	72.62	75.13	72.68	0	0.368156612443125	7
31P:32Q:34A:43H:45A	6.41	7.18	7.04	0	1.0075337309720556	5
96S:99S:102K:105H:119H:122C	39.09	39.1	39.1	0	0.32889574336516664	6
181H:183N:202A:203S:206L:209K:211E	32.58	33.98	32.66	0	0.4071726870954146	7
106N:108I:112T:115T:131S:135F	66.51	65.85	66.31	0	0.4043411192960373	6
172A:177I:178S:196F:200T	32.86	34.86	32.87	0	0.3408698641426774	5
181H:183N:202A:203S:204I:206L:209K	16.46	17.85	17.79	0	0.4029538042247157	7
148K:152I:154H:165H:170S	51.1	51.5	52.31	0	0.6411937578370455	5
148K:152I:154H:165H:170T	45.86	45.75	47.07	0	0.4390911419830804	5
139A:140F:141S:142F:143I:144K:163V	68.31	67.64	68.23	0	0.3759488839932916	7
96T:98L:102M:105N:117Y:119H:122C	-0.09	2.13	0.29	0	0.7247602473053667	7
106D:108I:114L:115A:131S:135F	69.57	70.23	69.25	0	0.3538548223887647	6
140F:141C:142F:143T:157S:160V:161T:163I	51.78	50.1	52.35	0	0.3349541670145926	8
31A:33D:34T:43H:45T:47S	34.37	35.04	34.37	0	1.0051622125917856	6
96T:98L:99S:104L:105N:117Y:119H	46.24	46.63	45.1	0	0.35581271123985003	7
181C:201K:202A:203S:204I:205T:206L:208E:209K	22.88	24.31	21.32	0	0.3875692902291951	9
181H:201K:202A:203S:204I:205T:206L:208E:209K	30.15	30.28	30.64	0	0.4398917905763636	9
140F:141C:143T:144N:161T:163I	53.33	53.46	53.3	0	0.4593971634518349	6
139A:141C:142F:143T:157S:160V:161T:163V	52.85	52.74	52.84	0	0.3731417145532333	8
66F:67N:86L:87V:92S	48.92	48.1	48.81	0	0.3539698210017391	5
137D:139A:141C:143I:160V:163V	49.89	50.43	50.06	0	0.3305718676914066	6
147F:148K:152I:154H:164I:165D:168S	76.51	75.65	76.81	0	0.39014307881198	7
172T:173V:178N:180I:196F:200M	30.15	28.93	30.06	0	0.8531928188303889	6
96S:99T:102K:105Q:117Y:122C	33.21	33.61	33.44	0	0.3292039581491837	6
172A:178N:180P:195S:200L	58.11	56.75	56.93	0	0.4352726029263514	5
181C:183N:202A:203S:206L:208E:211E	40.28	40.54	40.27	0	0.3457807130540044	7
137S:140F:143T:144D:160V	31.27	32.74	31.3	0	0.331622799694546	5
147F:148K:151M:152I:154H:164M:165D:168S	64.56	64.26	65.22	0	0.3739289329891667	8
137G:140F:141S:142F:143T:161T:163V	85.14	85.55	86.59	0	0.3499049842882303	7
181H:183T:201K:202A:203S:204I:206L:208E:209K:211E	37.42	37.24	37.41	0	0.4849075609691333	10
181C:201K:202A:203S:204I:205T:206L:207T	-0.64	-0.44	-1.82	0	0.5270844859219626	8
181C:202A:203S:204I:205T:206L:210D:211E	11.21	11.37	11.14	0	0.3971965292579012	8
181H:202A:203S:205T:206L:208E:209K	41.27	42.73	41.99	0	0.42636225618561535	7
181C:183T:202A:203S:206L:208E:209K:210D:211E	46.54	43.96	46.12	0	0.4968827204832333	9
181H:183N:201K:202A:203S:205T:206L:209K:211E	28.74	29.49	28.73	0	0.4225834390288276	9
137G:139A:141S:142F:143T:157S:161T:163V	79.32	79.11	79.81	0	0.405601258762	8
181C:201K:202A:203S:204I:206L:209K:211E	19.21	19.51	19.22	0	0.3957892199015012	8
172T:173V:177I:178S:195S:196F:200L	42.73	43.34	43.7	0	0.5736529652265046	7
7S:8F:11D:20S:22C:23I:24D	46.39	47.47	46.39	0	0.4137811763172	7
148K:152I:154H:164I:165H:168S	65.0	64.37	65.72	0	0.6739532261035217	6
141G:142F:143I:157T:160V:161T:163I	41.76	40.29	41.74	0	0.3285140965118261	7
172A:177I:178N:180P:196F:200L	34.75	35.66	34.76	0	0.4175599099748214	6
181H:183N:202A:203S:204I:205T:206L:211E	8.95	8.97	8.93	0	0.4118419975659524	8
96S:98L:99T:105Q:117Y:122C	30.23	30.27	29.6	0	0.4431952760895755	6
139A:140F:141C:142F:143I:161T:163I	60.27	60.96	60.15	0	0.5768038396083314	7
181C:201K:202A:203S:206L:208E:209K:211E	47.47	44.64	47.19	0	0.3663640754256216	8
181C:183N:201K:202A:203S:204I:206L:209K:210D:211E	22.84	21.4	22.73	0	0.3791357821382	10
181C:202A:203S:206L:207T:209K	15.29	15.7	16.01	0	0.4965077582457834	6
181H:183N:201K:202A:203S:206L:208E:209K	42.74	47.08	42.45	0	0.4060338901554426	8
181H:201K:202A:203S:204I:206L:209K	22.68	23.03	23.19	0	0.499990700589573	7
181C:183T:202A:203S:205T:206S:211E	26.89	27.44	26.96	0	0.7391373551665149	7
148R:152I:154H:165H:168S	55.11	54.25	56.33	0	0.5462521179843197	5
181C:183N:201K:202A:203S:204I:205T:206L:211E	6.03	7.03	6.11	0	0.3655119682487419	9
181C:183N:201K:202A:203S:206S:207T:209K:211E	34.51	36.34	34.44	0	0.5255249016873751	9
96T:98L:99S:102L:104L:105N:121Y:122C	37.46	35.54	36.88	0	0.3984258420992499	8
181C:183T:202A:203S:204I:206L:209K:210D:211E	17.68	15.33	17.5	0	0.43821056034348377	9
141C:143I:160V:163I	39.55	39.94	39.49	0	0.6532052020831102	4
172S:178S:180P:196F	56.31	56.67	56.22	0	0.6047530679642888	4
181C:183T:202A:203S:206S:208E:209K:211E	52.35	54.84	52.46	0	0.6044452101494386	8
141C:157S:160V:163V	28.97	24.26	28.92	0	0.4921139977138339	4
96S:98L:99S:105H:117Y:119Y:121Y:122C	17.88	18.29	17.81	0	0.4157226173300953	8
139A:140F:143I:144D:157T:161T:163I	34.44	41.96	32.81	0	0.4423040572975517	7
172A:173V:177I:178N:180I:200T	33.94	35.83	34.25	0	0.3611835383086429	6
137S:141G:142F:143I:160V:161T:163V	68.04	69.04	68.46	0	0.3418064766572258	7
30T:31A:35L:47L	41.25	40.53	41.25	0	0.992636753800226	4
172T:177I:178N:195S:196F:200M	35.63	39.27	36.28	0	0.4636509402490476	6
137D:139A:141S:144N	22.12	21.44	22.36	0	0.4247078225941349	4
96T:97A:98L:99T:102M:121Y:122C	-13.97	-15.09	-15.54	0	0.8522278416959846	7
181H:183T:201K:203S:204I:205T:207T:208E:210D:211E	23.41	24.71	23.59	0	0.9670250961352378	10
141C:143T:157T:160V:161T:163V	28.86	28.28	28.83	0	0.4696219051768816	6
141G:143T:144N:160V:163L	66.36	66.47	66.3	0	0.44076904295478203	5
181H:201K:202A:203S:204I:205T:206L:208E:211E	33.3	31.26	33.2	0	0.5204541953327907	9
139A:141G:142F:143I:157T:160V:161T:163V	45.01	45.62	45.01	0	0.4046357498669375	8
181C:202A:203S:204I:206L:209K:210D:211E	19.12	20.46	19.21	0	0.4206716223814541	8
181C:183N:202A:203S:204I:205T:206L:207T:209K	-0.44	-4.15	-0.03	0	0.3889891120364516	9
106N:108I:111F:115A:131S:135F	46.72	48.11	46.61	0	0.40850590288847055	6
181C:183N:201K:202A:203S:205T:206L:208E:209K:210D	37.53	37.53	36.5	0	0.3904174867833846	10
181C:183N:202A:203S:205T:206S:208E:209K	46.41	46.2	46.62	0	0.4004007026594572	8
106N:108I:115T:131S:135F	56.9	58.91	57.62	0	0.4391635226091283	5
181H:183T:202A:203S:204I:206L:209K	15.31	17.06	17.47	0	0.5166615562144489	7
181C:183N:202A:203S:205T:206S:207T:209K:210D	27.37	23.58	26.05	0	0.6254602333843332	9
181H:183N:202A:203S:204I:205T:206L:209K:210D:211E	18.92	18.47	19.0	0	0.4263947898954665	10
172T:178N:195S:196F:198I	35.29	35.6	35.29	0	0.35086773043355196	5
139A:141C:142F:143T:160V:161T:163V	72.05	71.35	72.06	0	0.3363811349587059	7
147F:148R:154E:164M:165D:168S	63.85	62.78	63.14	0	0.33553308877095545	6
172T:177I:180T:195S:196F:198I:200L	40.36	42.44	40.85	0	0.4647266728698181	7
181H:201K:202A:203S:204I:205T:206L:207T:208E:209K	13.45	14.44	14.08	0	0.5868861439040457	10
181C:183N:201K:202A:203S:206L:207T:208E:209K:211E	24.49	24.12	24.5	0	0.4821821875137858	10
141G:142F:143I:157S:160V:161T:163I	52.66	47.86	52.62	0	0.4494950562729112	7
181C:183N:201K:202A:203S:206L:209K:211E	31.79	33.73	31.73	0	0.3419486995094407	8
181H:202A:203S:205T:206L:208E:209K:210D:211E	50.22	47.44	49.79	0	0.436137369542	9
181H:183N:202A:203S:204I:205T:206L:209K	8.99	10.28	9.05	0	0.3941204537828889	8
96S:98L:99T:105Q:117Y:119H:122C	23.2	25.76	22.7	0	0.4337028944508461	7
140F:141C:143I:144K:157T:163V	18.38	28.21	18.39	0	0.3292580655995556	6
148K:152I:154H:165H:168S:169R	57.43	55.39	58.45	0	0.7192244733144211	6
181C:183N:202A:203S:206L:207T:209K:210D:211E	23.79	25.56	23.55	0	0.4617016443814484	9
106N:108I:112T:115A:131S:135F	61.15	59.79	61.12	0	0.4574136015477164	6
13Q:18S:26A:27H:29E	31.19	31.18	31.22	0	0.4653241167022858	5
181C:201K:202A:203S:204I:206L:207T:208E	10.05	11.68	10.48	0	0.4686888767798292	8
96T:99S:102K:117Y:119H:120A:121Y:122C	25.41	27.23	24.51	0	0.6662274537389167	8
106N:108I:111I:112T:115T:131S:135F	61.87	62.77	61.32	0	0.3854752031210769	7
181C:202A:203S:204I:206L:211E	15.64	15.41	15.42	0	0.3237237707675651	6
13Q:18C:26A:27A:28I	5.72	6.27	6.33	0	0.3602245116943847	5
152I:154H:165D	40.31	39.97	41.44	0	0.4777499515958822	3
152I:154H:165H:169R:170T	41.79	40.49	42.94	0	0.489871288577425	5
137S:139A:140F:141S:143T:160V:161T	57.08	57.3	56.92	0	0.3246122863086604	7
152I:154H:165Q:169R:170T	32.35	32.35	33.91	0	0.6769584808991136	5
139A:141C:143I:157S:160V:161T:163I	33.68	31.91	33.68	0	0.5009228281436923	7
181Y:183N:202A:203S:204I:205T:206L:208E:209K:211E	14.81	16.82	14.82	0	0.6090789422642667	10
30L:31P:32N:35L:47S	27.56	27.58	27.56	0	1.0010515447138284	5
139A:143I:161T:163V	44.73	45.94	44.79	0	0.3588375758263144	4
181C:183N:201K:202A:203S:204I:206L:207T:209K	6.89	5.74	5.3	0	0.4148066951550323	9
96S:99S:105H:117Y	35.72	35.53	35.71	0	0.34752129101924056	4
96T:99S:104L:105N:117Y:119Y:122C	39.05	38.04	37.66	0	0.4624425122983824	7
181C:183T:202A:203S:205T:206L:209K:211E	21.74	19.29	21.93	0	0.4164517676490485	8
96S:99T:102K:105H:121Y:122C	25.24	24.65	25.44	0	0.3469096989135532	6
147F:154H:164M:165D:168S	71.52	72.65	73.47	0	0.3476582291878019	5
181H:183N:201K:202A:203S:204I:206L:209K	17.58	17.84	19.46	0	0.4381051148511746	8
152I:154H:164M:165H:169R:170T	47.97	47.63	49.4	0	0.442441560032	6
181C:183T:202A:203S:204I:205T:206L:208E:209K:211E	22.0	18.97	21.82	0	0.3823821606587333	10
140F:141G:143I:163V	57.92	58.55	57.88	0	0.43230010050271694	4
181C:183N:201K:202A:203S:204I:205T:206L:207T:211E	3.05	3.29	3.04	0	0.4208447996490667	10
96S:99S:105N:117Y:119H:120A:121Y:122C	41.88	48.41	41.86	0	0.3685892167221176	8
183N:189A:201K:202A:204I:207T:208E:210D:211E	4.26	0.58	4.17	0	0.9100531140889048	9
181H:202A:203S:204I:205T:206L:208E	24.69	24.24	24.59	0	0.5216839966435967	7
106D:108V:114L:115A:131S:135F	74.31	76.5	74.61	0	0.388889647870375	6
139A:141C:142F:143T:157T:161T:163V	47.27	48.39	47.35	0	0.3522839777902143	7
181C:183N:201K:202A:203S:204I:205T:206L:208E:211E	20.67	21.26	20.67	0	0.3382800431325333	10
140F:141G:143I:144D:160V:163V	60.77	60.59	60.75	0	0.3738915868760845	6
147F:151M:154H:164I:165D:168S	66.05	66.23	66.57	0	0.3636490877132388	6
96S:99T:102K:105N:117Y:119H:121Y:122C	29.53	28.11	28.12	0	0.391893648900909	8
181C:183N:202A:203S:204I:205T:206S:208E:209K	34.71	33.57	34.47	0	0.4256456252334091	9
181H:183N:202A:203S:204I:206L:209K:210D	22.9	23.5	22.89	0	0.465742064645808	8
99S:102K:104L:105N:119Y:120A:121Y	42.97	39.27	42.89	0	0.4105295063200938	7
181C:202A:203S:204I:206S:208E:209K	42.67	41.87	42.27	0	0.5361745579294755	7
139A:141G:142F:143I:157S:161T:163I	74.22	62.72	74.29	0	0.3642116198550857	7
181H:183T:201K:202A:203S:205T:206S:208E:209K:211E	54.32	56.83	53.98	0	0.7214561497605999	10
173V:177I:178N:180T:195S:196F:200L	43.23	42.74	44.21	0	0.3700111892393	7
108M:110P:111I:115E:131S	33.79	33.58	33.54	0	0.4043812752646949	5
96T:99S:104L:105N:119H:122C	48.29	48.69	48.61	0	0.3646157962236512	6
148K:152I:154H:165Q:170T	35.38	35.38	36.51	0	0.5653991406698909	5
143T:160V:163L	49.55	49.99	49.53	0	0.7470095304819478	3
137G:141S:142F:143T:157S:160V:161T:163I	66.28	71.6	66.64	0	0.3223850910602	8
181C:183T:201K:202A:203S:205T:206S:208E:209K:211E	49.92	50.08	50.02	0	0.6623806031263846	10
181C:201K:202A:203S:206L:209K:210D	35.27	33.94	34.83	0	0.4182016234681864	7
181H:183N:202A:203S:206L:208E:211E	44.67	44.56	44.48	0	0.44071397079206337	7
140F:141S:142F:143I:160V	41.09	40.19	41.12	0	0.8573284068528386	5
137G:140F:143I:144D:160V:161T:163V	45.67	46.58	45.76	0	0.8276254116386923	7
172T:180P:195S:198L:200L	68.54	67.06	67.7	0	0.3804081600033056	5
181C:201K:202A:203S:204I:206L:207T:208E:209K:211E	13.11	12.38	13.12	0	0.4865945812826842	10
148K:152I:154H:165H:169R	33.5	33.05	35.06	0	0.6340477582468975	5
137G:140F:141S:142F:143T:160V:163I	85.76	85.54	85.71	0	0.3291621385970813	7
181C:202A:203S:204I:205T:206L	2.52	2.45	1.79	0	0.455124407397305	6
137S:139A:141S:142F:143I:157S:160V:163V	60.8	61.2	61.05	0	0.7456479546692307	8
137G:139A:141S:143T:157S:160V:163V	68.22	70.78	68.6	0	0.3396368335780667	7
181C:202A:203S:206L:209K	26.59	27.26	25.73	0	0.41118788181025534	5
181C:202A:203S:204I:206L:207T:208E:209K:210D:211E	13.65	13.05	13.65	0	0.4430983006540526	10
96T:99S:102K:104L:105N:120A:122C	58.52	60.23	58.59	0	0.4613085959771725	7
181C:201K:202A:203S:205T:206L:209K:210D	25.38	26.61	26.82	0	0.4431539104610801	8
140F:141S:142F:143A:161T:163L	71.6	71.38	71.57	0	0.476435625434919	6
140F:141G:142F:143I:157S:161T:163I	63.11	70.81	61.65	0	0.3907575982707647	7
140F:141G:142F:143I:157S:161T:163V	56.99	58.81	55.56	0	0.52959204531272	7
147F:148K:151M:154E:164M:165D:170S	53.41	53.86	55.6	0	0.46223153081571994	7
145I:147F:154E:164M:165D:168S	70.45	71.39	71.14	0	0.3620023949412962	6
145I:148K:154H:165D:168S	64.85	62.36	64.12	0	0.408308262888192	5
181C:183N:189A:202A:203S:205T:206L:208E:209K:211E	18.21	21.01	18.11	0	0.5200022266859167	10
66F:67N:86Y:92S	47.86	49.78	47.79	0	0.4050618012366787	4
181H:183T:202A:203S:205T:206L:208E:209K:211E	37.7	40.76	37.71	0	0.46599959828161297	9
141C:142F:143T:157T:160V:163V	40.41	41.66	40.38	0	0.5096383197141428	6
145I:147F:148R:154E:164I:165D:168S	70.44	70.45	70.92	0	0.359955653693	7
106N:108I:111F:112K:115T:131S:135F	55.75	56.94	55.97	0	0.3784010826014799	7
139A:140F:141G:143I:157S:161T:163I	60.9	73.73	60.73	0	0.3749267694972812	7
137G:141S:144K:157T:163V	29.86	29.79	30.01	0	0.5037479618828947	5
137D:141C:143I:160V:163I	42.28	46.02	42.54	0	0.5843277508891638	5
30T:31A:32N:33D:42D:45T	32.41	29.76	32.4	0	0.8971440703053922	6
181H:183N:202A:203S:204I:205T:206L:208E:209K:210D	28.8	29.81	29.51	0	0.4317676254279333	10
181C:183N:202A:203S:206L:207T:209K:211E	20.62	21.54	20.83	0	0.4224787537230862	8
181C:183N:201K:202A:203S:204I:205T:206L:207T:209K	-2.4	-0.04	-2.61	0	0.423468888766	10
96T:98L:99S:104L:105N:121Y:122C	48.59	45.87	47.14	0	0.3869269361756326	7
181H:183N:201K:202A:203S:204I:206L:209K:211E	22.71	22.32	22.71	0	0.4112202836404839	9
