mutList	ddG_fold	ddG_foldOpt	ddG_bind	compensationAbility	skewness	segment	FitnessImpactScoreRelativeWT
9N	0.72	0.72	0.72	0.002539806527622588	-1.1448229674266526	12	-0.5075804822000001
9S	7.29	7.25	7.29	0.002716255288039248	-0.2602305963762161	12	-0.2097529231
9R	-8.41	-8.41	-8.41	0.0	0.10920158145392374	12	0.1200272662
117Y	0.41	1.64	0.39	0.017656846892796244	-1.6375509362477878	6	-0.45394669376
203S	20.55	20.56	20.55	0.009337475041749052	-1.7458583994160852	5	-1.9953001469999998
154Q	9.89	9.57	9.89	0.006903077045256997	-1.7376848612548488	3	-1.5310871990000001
154E	10.81	11.16	10.82	0.007222837219687409	-1.5342274846748198	3	-1.1901534061
154H	17.66	17.66	17.66	0.003986291970262853	-1.5883758150531493	3	-1.9971488280000005
22G	10.51	10.51	10.51	0.0019183231491340664	-1.6760007289822012	12	-1.6140105759999999
180P	36.96	36.9	36.89	0.0	-2.2929019938962174	4	-3.74300814
27A	3.79	3.78	3.79	0.07355070222275753	-1.9604503314605293	11	-1.075849284
25E	29.25	28.66	29.25	0.0	-1.1576333787843225	11	-4.78161388
27H	5.75	5.75	5.75	0.036517933145996766	-2.1290573570886684	11	-0.807419062352
25R	19.25	19.22	19.25	0.0	-1.3303387133065472	11	-4.354202589999999
115T	4.86	6.05	5.29	0.0	-1.8168383928325336	1	-1.996449975
115E	13.85	14.03	13.24	0.0026023264879956962	-1.573187694626086	1	-3.6385436
115A	2.39	2.35	2.39	0.002271483051721189	-1.797025689221732	1	-1.7968807579000003
170S	17.13	17.11	17.12	0.0016726257170815262	-1.3429320664172602	3	-1.0124639316999997
170T	11.39	11.27	11.4	0.0009643740237020182	-1.4652951175792202	3	-2.858455635
170G	15.3	15.15	15.27	0.5681995263167489	2.169827933797264	3	0.981035835
81G	25.23	25.23	25.23	0.0	-1.8415693996855145	8	-2.51677921
81S	20.64	20.64	20.64	0.0	-1.7777464085404011	8	-1.6647167669999998
23I	11.83	11.84	11.83	0.002674040951642497	-1.7809380087907896	12	-0.6640362173800001
93A	11.4	11.21	11.32	0.11503542084055315	0.997088998603672	7	0.4536903364
93V	-4.56	-5.07	-4.53	2.9651320657688935	1.697248386428173	7	1.4825705784
175M	10.82	11.53	10.57	0.007614250612671381	1.0771124829303844	4	0.14453337940000002
209K	5.42	5.24	5.41	0.007041383680541253	-0.9060877542089909	5	-0.9842852209999999
172T	11.2	11.01	11.2	0.0	-2.225204798601692	4	-2.030608398
172S	14.33	13.9	13.89	0.0	-2.5814908693517284	4	-0.8688043888999999
172G	12.49	12.42	12.51	0.0	-3.1540701692489006	4	-0.322183034
200P	93.78	93.87	93.78	0.0	NAN	4	-8.302186449999999
21L	10.42	10.29	10.42	0.1053149999263117	1.3141097864360842	12	0.28432707989999995
144D	-0.44	-0.47	-0.43	1.2153942131982824	1.2287646047113956	2	0.7589918233
111F	15.26	15.18	15.26	0.008712430013602031	-0.4313100590011836	1	-0.85867951
111I	3.38	3.55	3.39	0.007364624972652109	-0.4612300323715428	1	-0.15654477400000005
144N	-3.76	-3.62	-3.72	3.5229850030420065	1.515877637914346	2	1.5345456240000002
144K	-1.85	-1.84	-1.84	0.067216910458453	0.2564682014235639	2	-0.29610281899999996
19V	6.15	6.15	6.15	0.04197772331935739	1.022541880242776	12	0.3494802300000001
66L	11.45	11.44	11.45	0.0	-1.908716135209935	7	0.03515261999999995
24E	-1.41	-0.87	-1.41	0.0	-1.4839369760106962	12	-0.9165219485
97A	-10.79	-12.97	-10.61	0.6449626988799263	2.179233030468391	6	0.7453273465999999
168S	23.78	23.71	23.78	0.0040906498907206925	-1.7480743736842703	3	-2.123588754
87V	2.14	2.08	2.08	0.02938598406827724	1.508413224160745	7	0.35708113249999995
108I	14.63	14.65	14.63	0.0024015237115263405	-1.4152310298933668	1	-1.0724531326
79L	14.04	14.51	14.04	0.7190594547653104	1.6168174913151538	8	0.6217898027000001
140F	3.18	3.51	3.17	0.02027694264143836	-0.6852893317826064	2	-0.30978781285900003
59V	4.89	4.89	4.89	0.0	-1.6373872157836369	8	-0.939656655
164M	6.07	4.77	5.77	0.0014366090303190278	-1.7954555282960636	3	-1.722556184
142F	9.14	9.22	9.14	0.058755591320618174	-0.4063841134318402	2	-0.221866582344
85I	6.82	6.82	6.82	0.003746340301945358	-1.6377285026349122	8	-0.33479824405
201K	10.75	8.73	10.31	0.015112496974866718	0.09309346050518302	5	0.11953059799
16H	0.99	0.99	0.99	0.021042364377872103	-3.007108415856642	11	-0.5525668045000001
207T	-2.91	-2.91	-2.9	0.15367324169430588	0.7744895143027015	5	0.749482056
29Q	-1.21	-1.25	-1.21	0.13288144744472716	-0.8910317241431475	11	-0.16801681960999998
25K	18.63	18.63	18.63	0.006761446163471732	-1.1485646015476236	11	-3.79463859
119Y	-11.84	-13.04	-12.35	0.27875182108083185	1.9414825916633776	6	0.55222154
119P	15.52	15.45	15.51	0.0	-0.6897774281824641	6	-6.005369600000001
119H	-2.99	-3.5	-2.99	0.04631838701096153	0.34882111736509713	6	0.14027766000000005
160V	4.86	6.83	4.8	0.12348252812186372	0.1236384047433866	2	0.028006911319999998
181Y	-8.38	-8.44	-8.38	0.0025849322995666977	-0.5234774117594413	5	-1.004500852
181C	-2.79	-3.48	-2.79	0.003665534396820389	-1.916049706935106	5	-2.7392175260000005
181H	3.99	3.27	4.0	0.0022744818560941123	-1.844675781448104	5	-2.374636251
106N	-0.09	0.39	-0.09	0.0	-1.5959435995397944	1	-1.3803695459999998
7F	6.05	6.05	6.05	0.026197605257608832	0.5232017367393967	12	0.184134959
195S	23.03	22.72	22.26	0.0	-2.946277465837733	4	-2.029203283
183N	-1.45	-1.43	-1.46	0.009130192508166338	0.13608354703260894	5	-0.2126708389
148K	3.58	3.69	3.58	0.008309474299495523	-0.8212739361411614	3	-0.4106830943000001
148R	1.59	1.57	1.59	0.007877879116416405	-1.1080833696960126	3	-0.7852732109999999
22C	-9.3	-9.3	-9.3	0.004401767249168014	-1.1145425973252676	12	-0.6938959519999999
122C	4.53	2.64	4.28	0.005184480968958797	-2.344618785838142	6	-0.8046687839999999
62F	19.71	19.69	19.71	0.0	-1.136904643375769	8	-3.37767676
164I	7.2	6.2	7.24	0.0	-1.773382559007605	3	-1.594995599
60A	-0.89	-0.88	-0.89	0.017711543975303518	-0.8579521252319003	8	-0.09988377493999999
120A	16.37	14.4	16.3	0.6118226177948625	2.1036962154416794	6	0.6535979536000001
29P	20.27	20.26	20.27	0.3005822305081239	-2.3016052439342145	11	-0.61591559
93L	15.03	14.44	14.9	0.0	-1.8450716456490632	7	-1.0183305786
81A	9.41	9.41	9.41	0.014454711628420453	-1.6692069482117955	8	-0.5546647389999999
105Q	0.17	2.39	0.17	0.019091586221790902	-2.3305255496748654	6	-1.217374737
105H	-2.4	-2.27	-2.4	0.03846625432134124	-1.6792982216054917	6	-0.6820021008999999
105N	4.29	3.44	4.29	0.03601056903519678	-2.150332494869636	6	-0.942810268
66H	45.14	46.2	45.14	0.0	-0.9359593279123584	7	-4.979091970000002
66F	31.36	31.15	30.82	0.0	-1.681637621416887	7	-2.7693884310000003
104L	28.85	28.85	28.85	0.004283480818090649	-1.8727159721303632	6	-2.4244190860000003
76N	39.89	39.88	39.89	0.0034340358835968183	-0.8281850484599215	8	-4.833990730000001
189A	-12.87	-16.43	-12.85	0.8902093651626206	1.7033015358953674	5	1.95399946
66Y	37.75	38.11	38.28	0.0	-0.8401075454425875	7	-5.01258608
211E	4.83	4.83	4.84	0.004338607833564767	-0.5148822810071357	5	-0.2856725477
151M	-5.93	-5.93	-5.92	0.16604573434866773	0.1937448387751093	3	-0.4191553109000001
93I	2.94	3.55	2.76	0.9812460816828896	1.7213608625252377	7	0.7470242384000001
19D	53.91	53.91	53.91	0.0	NAN	12	-13.596257970000002
93S	19.88	19.82	20.09	0.0	-2.0000647838456858	7	-0.7273134336
26A	12.94	12.94	12.94	0.0	-2.105314826300172	11	-2.30450875
26D	16.93	16.93	16.93	0.002443153263591789	-2.234100236078256	11	-1.714161414
98L	0.53	0.86	0.54	0.0297666275743682	-0.6635812403858629	6	-0.3981457857
29E	2.98	2.98	2.98	0.1960175030354084	-0.3924159563432555	11	-0.15460984760000002
157S	-2.52	-2.53	-2.52	0.4225732452113909	0.7140615075998155	2	0.49243371536
157T	-17.94	-17.95	-17.94	0.0674936551464889	-0.06990399817499555	2	0.09053747446
175I	24.32	24.77	24.34	0.0033069227313653514	-1.8529385175143884	4	-0.0500331654
24D	-8.61	-8.61	-8.61	0.002148943882214949	-1.2930114775695958	12	-0.7097858775
24N	1.3	1.3	1.3	0.02583219869726384	1.2687540025877295	12	0.2867518585
114I	7.38	7.78	7.38	0.4260304576346095	1.1500481431967131	1	0.7568320780000001
114L	15.94	15.68	15.94	0.16978472484293	0.2857299738179113	1	0.33413765669999995
67P	71.21	69.81	71.21	0.0	-0.8776137689170465	7	-8.291440329999997
16N	2.93	2.93	2.93	0.4337840290032209	0.25564415913834315	11	0.16684998220000002
16Q	0.28	0.28	0.28	0.5325483499921753	2.07309887541158	11	0.22913905110000005
80Y	-15.2	-15.19	-15.2	0.006962601910696809	-1.534869794386064	8	-1.011802136
177I	-4.1	-4.57	-4.53	0.011041298084051188	1.4850322164101741	4	0.1024400576
22A	-3.43	-3.43	-3.43	0.002548994202027657	-0.7690490439291039	12	-0.299114227
92S	11.79	11.36	11.79	0.002667299087168089	-2.071848199237321	7	-1.5735714770000002
112T	7.05	7.38	7.06	0.014986556323295082	0.28716154876801936	1	-0.0645731646
112K	6.49	6.71	6.48	0.01192655674522804	0.25384495830541803	1	-0.07117525420000001
82G	25.68	25.68	25.68	0.0	-1.1973579523605329	8	-0.8273652944000001
82V	4.33	4.32	4.33	0.019850486977125832	0.979302690490006	8	0.1473977027
171A	-18.32	-18.32	-18.32	0.6464720044051455	2.8024299187754056	4	1.236126345
20S	13.68	13.67	13.68	0.0035863946529105218	-1.7061299832558263	12	-1.053413975
172A	6.55	6.45	6.55	0.0	-2.337370454745937	4	-0.9310801887000001
78V	4.86	4.86	4.86	0.0	-1.7827476102113864	8	-0.738482822
78R	16.85	16.85	16.85	0.0061322215669079826	-1.6664026945601869	8	-1.865775138
78G	40.88	40.89	40.88	0.0	-1.7172081527659304	8	-3.38986711
78L	4.31	4.31	4.31	0.0	-1.9009299235331687	8	-0.7214939
110D	3.82	3.83	3.82	1.5335810309219422	1.3773958001601898	1	1.605797738
110E	-1.95	-1.97	-1.95	0.8503777713392829	1.1144588819596308	1	1.0922892990000002
110N	4.58	4.33	4.58	0.4825215398657469	1.1917519574655624	1	0.9029905540000001
110K	2.72	2.71	2.71	0.007386727971326623	-0.6160464767016485	1	-0.168944963
110H	3.91	2.94	3.92	0.010418733427950144	0.1469019121797044	1	0.06825811700000001
110T	-6.92	-6.92	-6.93	0.19737265041113344	1.1229088903602158	1	0.5658383639
110P	0.12	0.12	0.12	0.8486759988722696	1.3012853682780041	1	1.2284449680000002
110Q	-4.1	-4.11	-4.1	0.01162558468654821	-0.013398358204844876	1	0.216084025
137S	2.19	2.3	2.28	0.015840968856503487	-1.2521290874314293	2	-0.7537590473000001
145I	2.35	2.97	2.35	0.004391508892097498	-1.5713969502843872	3	-1.284870195
19N	44.58	44.58	44.58	0.0	NAN	12	-12.92560847
173V	8.81	8.95	8.81	0.0	-3.0500022462106093	4	-1.090634644
147F	6.83	6.83	6.84	0.275186749497287	0.381557882961536	3	-0.35068656760000005
169G	6.06	7.3	6.04	0.01281611283744429	-1.1706488232382506	3	-1.519628415752
169R	4.23	3.44	4.51	1.7490224851059124	2.160413463380651	3	1.6737705942480001
169Q	-4.18	-4.18	-4.21	1.3740256196204612	1.979516357280647	3	1.325175024248
86Y	-3.35	-3.34	-3.34	0.00822479458588825	-1.3913127539563428	7	-0.52759460724
202A	5.86	7.03	5.86	0.003279945462764932	-1.753959918483941	5	-2.314803835
86V	-1.76	-1.76	-1.76	0.008223095673871507	-1.6161114417192322	7	-0.7648330760000001
86L	-3.69	-3.7	-3.68	0.008266178797148176	-1.4600731861166196	7	-0.8644450460000002
86F	-3.33	-3.34	-3.34	0.008196551323883984	-1.5736053388212732	7	-0.8338327400000001
18C	-7.31	-7.33	-7.31	0.0	-3.1360052285770683	11	-1.7008868700000002
18F	0.47	0.43	0.47	0.007350389555494894	-2.6044587378921	11	-2.081567043
18S	12.2	12.16	12.2	0.009360405255324259	-3.062663745268668	11	-1.568426287
205T	-5.24	-5.39	-5.24	0.0038532997523712227	-0.3030352765610224	5	-0.03454443694
131S	18.45	19.63	18.57	0.003443724408033664	-1.7216389021455916	1	-3.366816130000001
96T	2.66	2.89	2.66	0.02159888845892909	-1.3333796950354069	6	-0.50898706
96S	22.87	21.3	22.84	0.010271511111208187	-1.9494997684936468	6	-2.9378819700000003
82R	7.09	7.1	7.09	0.4387925348031689	1.2192602115206863	8	0.3610978106
141C	0.95	0.95	0.95	1.4744861386640276	1.1016498176671532	2	0.893599811
141G	16.79	16.77	16.79	0.017359122034838297	-1.3471856858911682	2	-1.922144069
141S	15.6	15.46	15.6	0.04077690930384653	-1.1124981865253902	2	-0.5079556135100001
161T	6.22	5.09	6.26	0.3241268285712544	-0.21305134909579584	2	-0.025839457914
200L	-0.69	-1.87	-1.12	0.14951328747357606	2.9109758525519878	4	0.6889214000000001
200M	6.0	4.98	6.0	0.0	-2.5250430524221907	4	-0.5219562289999999
200T	24.56	24.37	24.44	0.0	-2.1868153991289496	4	-3.68523719
108V	18.64	18.64	18.64	0.0	-1.5384743851301563	1	-1.2810117600000002
108M	2.01	2.14	2.01	0.0	-1.4432894661155222	1	-1.2675248159999999
143T	22.32	22.42	22.32	0.021397278242748573	-1.377711688545116	2	-2.74056795
143A	21.0	20.48	21.22	0.016419821776520502	-1.4324672820654134	2	-2.79751403
143I	5.71	6.2	5.72	0.11230481460504824	-0.0011758942886775827	2	-0.033549599999999964
165H	9.4	8.78	10.52	0.02751485330340546	-0.2659386252613621	3	-0.03688149400000002
27D	6.06	6.02	6.06	0.055380261221711656	-1.5328507293777232	11	-1.256683609
165D	17.78	17.59	18.88	0.006235602861665443	-1.5619628710827054	3	-1.8872461920000003
165Q	-1.54	-1.93	-0.37	0.04220322071166605	0.14421195727623118	3	0.022944606999999995
66N	34.89	34.53	34.54	0.0	-0.8117366141974334	7	-5.29208276
206L	-0.38	-0.39	-0.39	0.012420626073916115	-1.3988179090798685	5	-1.694950511
206S	7.91	7.92	7.92	0.009652521420807454	-0.3645204312554654	5	-0.93326264201
135F	19.7	19.31	19.67	0.014010517171603974	-1.2575767857253122	1	-1.2474425770000002
28I	-0.42	-0.42	-0.42	0.5064730476820696	-0.726165996840298	11	-0.249176424
28V	5.21	5.2	5.21	0.16401783883365545	-0.392393773424889	11	-0.5573311375000001
56Q	0.84	0.85	0.84	0.0	-1.40105341985657	8	-0.08584112139000001
56D	14.79	14.79	14.79	0.04020647797442917	-0.5763548044574729	8	-0.08643715050999999
56E	17.37	17.38	17.37	0.00881337253075012	-1.6254300207768908	8	-0.72332192979
163V	30.32	30.53	30.33	0.014253555390988819	-1.4389312294490726	2	-8.00368677
163I	36.24	35.44	36.26	0.014098979835859046	-1.4093642163804383	2	-8.207915830000001
198L	0.52	-1.2	1.11	0.2543362869940244	2.6663240221585442	4	0.8222487772000001
163L	23.04	22.7	23.02	0.01628233752074203	-1.9641607919173785	2	-5.975600012
198I	-2.84	-1.5	-3.07	0.21745983654403736	2.55615827146122	4	0.7591072622
204I	-11.62	-11.4	-11.61	0.007680698549719566	0.03784151214183629	5	-0.14314211332
137D	5.4	5.56	5.63	0.02327742578005122	-0.3758847393233104	2	-0.2922613483
137G	3.74	3.84	3.86	3.6681053080785344	1.6671434681067083	2	1.6429348247
196F	6.98	7.76	7.83	0.0	-2.7352002091418552	4	-1.696894923
139A	6.92	6.33	6.9	0.021520935417259482	-1.1227483993384535	2	-0.864499468
180T	13.36	13.29	13.3	0.0	-2.9666414624486586	4	-2.128850749
180I	2.41	2.42	2.42	0.0	-2.281025211073437	4	-0.39126813
208E	19.12	19.13	19.12	0.002556976588450685	-0.7249138541368624	5	-0.5365560733000001
121Y	-3.67	-3.73	-3.79	0.08799825536515596	0.34728574113950866	6	0.19894464910000004
102M	-3.8	-3.8	-3.8	0.1205918935393411	0.9007144282517842	6	0.16301239137999995
102L	-7.45	-7.51	-7.46	0.11596028947667908	0.256138828273853	6	0.09426472088
102K	4.34	4.33	4.34	0.00860091427427849	-1.6988826001825783	6	-0.50308924562
86D	1.72	1.7	1.7	0.017668347688005015	-0.06498265979333652	7	0.20283390499999995
7S	21.76	21.77	21.76	0.02227967873011244	-0.04150821680986095	12	-0.20398238380000006
77I	15.32	14.99	15.32	0.0	-1.5827813707151417	8	-1.3555370590000002
210D	3.15	2.61	3.15	0.03232290431075887	0.6052130676449919	5	0.5022737133699999
67T	7.96	7.95	7.97	0.04423950742363466	1.2103285368396004	7	0.18883519000000007
67N	12.11	12.23	12.08	0.005303885495233019	-1.7298269252327385	7	-0.6862355
178S	1.7	1.66	1.69	0.0	-2.7833617045736223	4	-0.7589127929300001
178N	-1.32	-1.36	-1.35	0.0	-2.964455672798169	4	-1.022386712
178G	7.13	7.31	7.1	0.0	-2.8819426012656635	4	-2.346019991
152I	7.32	7.28	7.31	0.0838770049949039	-0.5487571680193044	3	0.2282840882
106K	-2.72	-2.84	-2.72	0.004554092265942888	-0.27835953419045034	1	-0.35235757799999995
106D	1.47	1.76	1.47	0.0	-1.74040856796718	1	-1.451697349
13K	2.63	2.59	2.64	0.4074503549579428	-2.303900806071631	11	0.17075323050000002
13H	4.75	4.81	4.78	0.004593486373147189	-2.8292126234871886	11	-0.7874083345
13Q	1.28	1.26	1.29	0.0215198176620918	-3.130108466092245	11	-0.4239778975
8I	7.69	7.69	7.69	0.0073042724399023954	0.1360784820693281	12	0.017707777000000004
8F	11.05	11.05	11.05	0.002243250016969392	-1.518057884366416	12	-0.706744915
99T	2.87	3.05	2.87	0.015328989926109109	-2.792341844533816	6	-1.4058307958999998
99S	15.49	15.22	15.48	0.013957870172133218	-2.1943598618694238	6	-2.2960240910000005
73A	-17.27	-16.59	-15.98	3.3106191417175017	1.9794249188281332	7	1.489340631
73C	-20.42	-18.06	-19.16	0.0	1.0196175803987413	7	0.11311804909999998
73G	3.14	2.94	2.76	0.0	-2.0148452988645844	7	-0.979297319
183T	-2.98	-2.98	-2.99	0.033959457077383154	0.9500476240512852	5	0.4358337828
11D	10.69	10.69	10.69	0.003885449808876776	-1.3580268517198737	12	-0.5066566427
11N	18.11	17.75	18.11	0.002451280781550652	-0.7204515864543307	12	-0.3194050307
11V	2.98	2.93	3.01	0.009572725188270141	0.30314088848950466	12	0.1464191773
