	fitness	feature	aa_seq	this_fitness	this_feature
0	1.02931255192	2.219999999999999	7F:8F:9N:11D:21L:22G	0.6358615986330001	2.4900000000000055
1	1.02134502963	2.1400000000000006	7F:8F:9N:11D:19V:22G	0.6358615986330001	2.4900000000000055
2	0.9198055662469999	2.3599999999999994	7F:8F:9N:11D:19V:21L:22G	0.6358615986330001	2.4900000000000055
3	1.09202951559	2.0600000000000023	7F:8F:9N:11N:19V:21L:22A	0.941480932154	2.1900000000000013
4	1.12711676224	1.8500000000000014	7F:8F:9N:11N:19V:22C	0.909408500755	2.1999999999999993
5	1.02135613443	1.8500000000000014	7F:8F:9N:11N:19V:21L:22C:23I	0.909408500755	2.1999999999999993
6	1.0735674424700001	1.5	7F:8F:9N:11V:21L:22G	0.707390378233	1.7699999999999996
7	1.03439501015	2.370000000000001	7F:8F:9R:11N:21L:22G	0.574305759891	2.6400000000000006
8	1.00775668547	2.289999999999999	7F:8F:9R:11N:19V:21L:22G:23I	0.574305759891	2.6400000000000006
9	0.954919922624	2.240000000000002	7F:8F:9S:11D:19V:22G	0.763715182481	2.59
10	0.9985430549	2.460000000000001	7F:8F:9S:11N:21L:22G	0.0	3.4499999999999993
11	0.84835052728	2.8100000000000023	7F:8F:9S:11N:20S:21L:22G	0.0	3.4499999999999993
12	1.00546262725	2.379999999999999	7F:8F:9S:11N:19V:22G	0.721312006168	2.7300000000000004
13	1.01532816745	2.5999999999999943	7F:8F:9S:11N:19V:21L:22G	0.721312006168	2.7300000000000004
14	0.9689744584100001	2.7300000000000004	7F:8F:9S:11N:19V:20S:22G	0.721312006168	2.7300000000000004
15	1.02646527765	2.379999999999999	7F:8F:9S:11N:19V:21L:22G:23I	0.721312006168	2.7300000000000004
16	1.0029270743	1.5999999999999943	7F:8F:9S:11V:21L:22G	0.0	2.59
17	1.08988910431	1.9499999999999993	7F:8F:9S:11V:20S:21L:22G	0.0	2.59
18	1.01744567692	1.870000000000001	7F:8I:9N:11N:21L:22G	0.0	3.0
19	0.9541130294750001	2.219999999999999	7F:8I:9N:11N:20S:21L:22G	0.0	3.0
20	0.918296650688	1.5	7F:8I:9N:11V:19V:20S:21L:22G	1.03047847074	1.2800000000000011
21	1.04146027964	1.370000000000001	7F:8I:9R:11N:19V:21L:22C:23I	0.985771283996	1.7199999999999989
22	1.04652571131	1.5399999999999991	7F:8I:9S:11D:19V:21L:22C	0.9534328853039999	1.6700000000000053
23	1.0246953952	1.6700000000000017	7F:8I:9S:11D:19V:20S:22C	0.9534328853039999	1.6700000000000053
24	0.9826670938590001	2.1000000000000014	7F:8I:9S:11D:19V:20S:22G	0.8920732040989999	2.1000000000000014
25	1.13754443115	1.75	7F:8I:9S:11D:19V:21L:22G:23I	0.8920732040989999	2.1000000000000014
26	1.02315438768	0.6700000000000017	7F:8I:9S:11V:21L:22A	0.94008521181	0.9400000000000013
27	1.0242663869700002	2.530000000000001	7S:8F:9N:11D:19V:21L:22A	0.927696332413	2.66
28	1.0914991266399998	2.3100000000000023	7S:8F:9N:11D:19V:21L:22A:23I	0.927696332413	2.66
29	0.78512108428	2.75	7S:8F:9N:11D:20S:21L:22C	0.984595960378	2.6700000000000053
30	0.9778917020110001	2.530000000000001	7S:8F:9N:11N:21L:22A	0.0	3.5199999999999996
31	0.919899878757	2.879999999999999	7S:8F:9N:11N:20S:21L:22A	0.0	3.5199999999999996
32	0.897108994245	2.969999999999999	7S:8F:9N:11N:21L:22G	0.0	4.100000000000001
33	0.570824376905	3.3200000000000003	7S:8F:9N:11N:20S:21L:22G	0.0	4.100000000000001
34	0.897108994245	2.969999999999999	7S:8F:9N:11N:21L:22G	0.6480527796500001	3.240000000000002
35	1.011335181	2.8900000000000006	7S:8F:9N:11N:19V:22G	0.6480527796500001	3.240000000000002
36	0.9312114696799999	3.1099999999999994	7S:8F:9N:11N:19V:21L:22G	0.6480527796500001	3.240000000000002
37	0.880174093976	2.8900000000000006	7S:8F:9N:11N:19V:21L:22G:23I	0.6480527796500001	3.240000000000002
38	0.994011245553	1.6799999999999997	7S:8F:9N:11V:21L:22C	0.0	2.6700000000000053
39	0.9062855442669999	2.030000000000001	7S:8F:9N:11V:20S:21L:22C	0.0	2.6700000000000053
40	0.983381779928	2.5500000000000007	7S:8F:9R:11N:21L:22C	0.0	3.6799999999999997
41	0.958594879463	2.900000000000002	7S:8F:9R:11N:20S:21L:22C	0.0	3.6799999999999997
42	0.987150116232	2.5	7S:8F:9S:11D:21L:22C	0.0	3.490000000000002
43	0.937833038601	2.8500000000000014	7S:8F:9S:11D:20S:21L:22C	0.0	3.490000000000002
44	0.987150116232	2.5	7S:8F:9S:11D:21L:22C	0.877753602855	2.7699999999999996
45	0.98158814073	2.8500000000000014	7S:8F:9S:11D:19V:22G	0.592247593934	3.1999999999999993
46	0.923265572677	2.9299999999999997	7S:8F:9S:11D:21L:22G	0.592247593934	3.1999999999999993
47	0.8467261816320001	3.0700000000000003	7S:8F:9S:11D:19V:21L:22G	0.592247593934	3.1999999999999993
48	0.765819257942	2.8500000000000014	7S:8F:9S:11D:19V:21L:22G:23I	0.592247593934	3.1999999999999993
49	0.9352815462880001	2.6400000000000006	7S:8F:9S:11N:21L:22C	0.0	3.7699999999999996
50	0.9542553409710001	2.990000000000002	7S:8F:9S:11N:20S:21L:22C	0.0	3.7699999999999996
51	0.990172994633	2.629999999999999	7S:8F:9S:11N:21L:22A	0.7837689727439999	2.900000000000002
52	0.993554400788	2.549999999999997	7S:8F:9S:11N:19V:22A	0.7837689727439999	2.900000000000002
53	0.997209827104	2.7699999999999996	7S:8F:9S:11N:19V:21L:22A	0.7837689727439999	2.900000000000002
54	1.02694369392	2.900000000000002	7S:8F:9S:11N:19V:20S:22A	0.7837689727439999	2.900000000000002
55	1.03386220858	2.5500000000000007	7S:8F:9S:11N:19V:21L:22A:23I	0.7837689727439999	2.900000000000002
56	1.05805867684	2.990000000000002	7S:8F:9S:11N:19V:22G	0.671281413122	3.34
57	0.9438760231309999	3.210000000000001	7S:8F:9S:11N:19V:21L:22G	0.671281413122	3.34
58	0.983153325935	2.990000000000002	7S:8F:9S:11N:19V:21L:22G:23I	0.671281413122	3.34
59	0.9792437611779999	2.3500000000000014	7S:8F:9S:11V:19V:21L:22G	0.7731972715659999	2.4800000000000004
60	0.912676816429	2.129999999999999	7S:8F:9S:11V:19V:21L:22G:23I	0.7731972715659999	2.4800000000000004
61	0.9324622356200001	2.34	7S:8I:9N:11D:21L:22G	0.0	3.330000000000002
62	0.972389846924	1.9100000000000001	7S:8I:9N:11D:21L:22C	0.0	3.039999999999999
63	0.9824906308169999	2.2600000000000016	7S:8I:9N:11D:20S:21L:22C	0.0	3.039999999999999
64	0.9882551920029999	2.4800000000000004	7S:8I:9N:11N:21L:22G	0.0	3.469999999999999
65	0.8372386462829999	2.830000000000002	7S:8I:9N:11N:20S:21L:22G	0.0	3.469999999999999
66	1.01472332627	2.039999999999999	7S:8I:9N:11N:21L:22A	0.0	3.1700000000000017
67	0.950892718469	2.3900000000000006	7S:8I:9N:11N:20S:21L:22A	0.0	3.1700000000000017
68	0.994751187263	2.0500000000000007	7S:8I:9N:11N:21L:22C	0.0	3.1799999999999997
69	0.9609911203820001	2.400000000000002	7S:8I:9N:11N:20S:21L:22C	0.0	3.1799999999999997
70	0.950892718469	2.3900000000000006	7S:8I:9N:11N:20S:21L:22A	0.9912735070309999	2.3100000000000023
71	0.973661367292	2.530000000000001	7S:8I:9N:11N:19V:20S:21L:22A	0.9912735070309999	2.3100000000000023
72	0.9349914363070001	2.3200000000000003	7S:8I:9N:11N:19V:20S:22C	1.0247569626200002	2.3200000000000003
73	0.995647522341	1.1799999999999997	7S:8I:9N:11V:21L:22A	0.0	2.3100000000000023
74	0.998172787348	1.5300000000000011	7S:8I:9N:11V:20S:21L:22A	0.0	2.3100000000000023
75	0.0	2.1799999999999997	7S:8I:9N:11V:19N:21L:22A	0.0	2.3100000000000023
76	0.993408299815	2.3500000000000014	7S:8I:9R:11D:21L:22G	0.8708083755600001	2.620000000000001
77	1.03288850912	2.2699999999999996	7S:8I:9R:11D:19V:22G	0.8708083755600001	2.620000000000001
78	1.00670878286	2.629999999999999	7S:8I:9R:11N:19V:21L:22G	0.802786141993	2.7600000000000016
79	1.09672220378	2.7600000000000016	7S:8I:9R:11N:19V:20S:22G	0.802786141993	2.7600000000000016
80	1.05185244282	2.41	7S:8I:9R:11N:19V:21L:22G:23I	0.802786141993	2.7600000000000016
81	0.944342426082	2.4400000000000013	7S:8I:9S:11D:21L:22G	0.0	3.4299999999999997
82	0.7916557895819999	2.789999999999999	7S:8I:9S:11D:20S:21L:22G	0.0	3.4299999999999997
83	0.944342426082	2.4400000000000013	7S:8I:9S:11D:21L:22G	0.0	3.5700000000000003
84	0.7916557895819999	2.789999999999999	7S:8I:9S:11D:20S:21L:22G	0.0	3.5700000000000003
85	1.01813270889	2.2699999999999996	7S:8I:9S:11D:19V:20S:22A	0.938625765952	2.2699999999999996
86	0.944342426082	2.4400000000000013	7S:8I:9S:11D:21L:22G	0.67440871329	2.710000000000001
87	0.9652444976219999	2.3599999999999994	7S:8I:9S:11D:19V:22G	0.67440871329	2.710000000000001
88	0.9989030367030001	2.580000000000002	7S:8I:9S:11D:19V:21L:22G	0.67440871329	2.710000000000001
89	0.9374261672959999	2.710000000000001	7S:8I:9S:11D:19V:20S:22G	0.67440871329	2.710000000000001
90	0.9897546900040001	2.3599999999999994	7S:8I:9S:11D:19V:21L:22G:23I	0.67440871329	2.710000000000001
91	1.03101507309	2.580000000000002	7S:8I:9S:11N:21L:22G	0.0	3.710000000000001
92	0.895628267872	2.9299999999999997	7S:8I:9S:11N:20S:21L:22G	0.0	3.710000000000001
93	0.9702774295219999	1.2800000000000011	7S:8I:9S:11V:21L:22A	0.0	2.2699999999999996
94	0.993619033766	1.629999999999999	7S:8I:9S:11V:20S:21L:22A	0.0	2.2699999999999996
95	1.0043464560100002	1.7199999999999989	7S:8I:9S:11V:21L:22G	0.0	2.710000000000001
96	0.998001533796	2.0700000000000003	7S:8I:9S:11V:20S:21L:22G	0.0	2.710000000000001
97	1.09017297173	1.990000000000002	7S:8I:9S:11V:19V:20S:22G	0.932776068945	1.990000000000002
